route_no,trip_id,direction,stop_name,scheduled_time,days
TVM-KZK-ORD,TVM-KZK-ORD-T01,UP,East Fort,06:00,Mon-Sun
TVM-KZK-ORD,TVM-KZK-ORD-T01,UP,Statue,06:08,Mon-Sun
TVM-KZK-ORD,TVM-KZK-ORD-T01,UP,Palayam,06:16,Mon-Sun
TVM-KZK-ORD,TVM-KZK-ORD-T01,UP,Pattom,06:24,Mon-Sun
TVM-KZK-ORD,TVM-KZK-ORD-T01,UP,Kesavadasapuram,06:32,Mon-Sun
TVM-KZK-ORD,TVM-KZK-ORD-T01,UP,Ulloor,06:40,Mon-Sun
TVM-KZK-ORD,TVM-KZK-ORD-T01,UP,Sreekaryam,06:48,Mon-Sun
TVM-KZK-ORD,TVM-KZK-ORD-T01,UP,Kazhakuttam,06:56,Mon-Sun
TVM-KZK-ORD,TVM-KZK-ORD-T02,UP,East Fort,06:30,Mon-Sun
TVM-KZK-ORD,TVM-KZK-ORD-T02,UP,Statue,06:38,Mon-Sun
TVM-KZK-ORD,TVM-KZK-ORD-T02,UP,Palayam,06:46,Mon-Sun
TVM-KZK-ORD,TVM-KZK-ORD-T02,UP,Pattom,06:54,Mon-Sun
TVM-KZK-ORD,TVM-KZK-ORD-T02,UP,Kesavadasapuram,07:02,Mon-Sun
TVM-KZK-ORD,TVM-KZK-ORD-T02,UP,Ulloor,07:10,Mon-Sun
TVM-KZK-ORD,TVM-KZK-ORD-T02,UP,Sreekaryam,07:18,Mon-Sun
TVM-KZK-ORD,TVM-KZK-ORD-T02,UP,Kazhakuttam,07:26,Mon-Sun
TVM-KZK-ORD,TVM-KZK-ORD-T03,UP,East Fort,07:00,Mon-Sun
TVM-KZK-ORD,TVM-KZK-ORD-T03,UP,Statue,07:08,Mon-Sun
TVM-KZK-ORD,TVM-KZK-ORD-T03,UP,Palayam,07:16,Mon-Sun
TVM-KZK-ORD,TVM-KZK-ORD-T03,UP,Pattom,07:24,Mon-Sun
TVM-KZK-ORD,TVM-KZK-ORD-T03,UP,Kesavadasapuram,07:32,Mon-Sun
TVM-KZK-ORD,TVM-KZK-ORD-T03,UP,Ulloor,07:40,Mon-Sun
TVM-KZK-ORD,TVM-KZK-ORD-T03,UP,Sreekaryam,07:48,Mon-Sun
TVM-KZK-ORD,TVM-KZK-ORD-T03,UP,Kazhakuttam,07:56,Mon-Sun
TVM-KZK-ORD,TVM-KZK-ORD-T04,UP,East Fort,07:30,Mon-Sun
TVM-KZK-ORD,TVM-KZK-ORD-T04,UP,Statue,07:38,Mon-Sun
TVM-KZK-ORD,TVM-KZK-ORD-T04,UP,Palayam,07:46,Mon-Sun
TVM-KZK-ORD,TVM-KZK-ORD-T04,UP,Pattom,07:54,Mon-Sun
TVM-KZK-ORD,TVM-KZK-ORD-T04,UP,Kesavadasapuram,08:02,Mon-Sun
TVM-KZK-ORD,TVM-KZK-ORD-T04,UP,Ulloor,08:10,Mon-Sun
TVM-KZK-ORD,TVM-KZK-ORD-T04,UP,Sreekaryam,08:18,Mon-Sun
TVM-KZK-ORD,TVM-KZK-ORD-T04,UP,Kazhakuttam,08:26,Mon-Sun
TVM-KZK-ORD,TVM-KZK-ORD-T05,UP,East Fort,08:00,Mon-Sun
TVM-KZK-ORD,TVM-KZK-ORD-T05,UP,Statue,08:08,Mon-Sun
TVM-KZK-ORD,TVM-KZK-ORD-T05,UP,Palayam,08:16,Mon-Sun
TVM-KZK-ORD,TVM-KZK-ORD-T05,UP,Pattom,08:24,Mon-Sun
TVM-KZK-ORD,TVM-KZK-ORD-T05,UP,Kesavadasapuram,08:32,Mon-Sun
TVM-KZK-ORD,TVM-KZK-ORD-T05,UP,Ulloor,08:40,Mon-Sun
TVM-KZK-ORD,TVM-KZK-ORD-T05,UP,Sreekaryam,08:48,Mon-Sun
TVM-KZK-ORD,TVM-KZK-ORD-T05,UP,Kazhakuttam,08:56,Mon-Sun
TVM-KZK-ORD,TVM-KZK-ORD-T06,UP,East Fort,08:30,Mon-Sun
TVM-KZK-ORD,TVM-KZK-ORD-T06,UP,Statue,08:38,Mon-Sun
TVM-KZK-ORD,TVM-KZK-ORD-T06,UP,Palayam,08:46,Mon-Sun
TVM-KZK-ORD,TVM-KZK-ORD-T06,UP,Pattom,08:54,Mon-Sun
TVM-KZK-ORD,TVM-KZK-ORD-T06,UP,Kesavadasapuram,09:02,Mon-Sun
TVM-KZK-ORD,TVM-KZK-ORD-T06,UP,Ulloor,09:10,Mon-Sun
TVM-KZK-ORD,TVM-KZK-ORD-T06,UP,Sreekaryam,09:18,Mon-Sun
TVM-KZK-ORD,TVM-KZK-ORD-T06,UP,Kazhakuttam,09:26,Mon-Sun
TVM-KZK-ORD,TVM-KZK-ORD-T07,UP,East Fort,09:00,Mon-Sun
TVM-KZK-ORD,TVM-KZK-ORD-T07,UP,Statue,09:08,Mon-Sun
TVM-KZK-ORD,TVM-KZK-ORD-T07,UP,Palayam,09:16,Mon-Sun
TVM-KZK-ORD,TVM-KZK-ORD-T07,UP,Pattom,09:24,Mon-Sun
TVM-KZK-ORD,TVM-KZK-ORD-T07,UP,Kesavadasapuram,09:32,Mon-Sun
TVM-KZK-ORD,TVM-KZK-ORD-T07,UP,Ulloor,09:40,Mon-Sun
TVM-KZK-ORD,TVM-KZK-ORD-T07,UP,Sreekaryam,09:48,Mon-Sun
TVM-KZK-ORD,TVM-KZK-ORD-T07,UP,Kazhakuttam,09:56,Mon-Sun
TVM-KZK-ORD,TVM-KZK-ORD-T08,UP,East Fort,09:30,Mon-Sun
TVM-KZK-ORD,TVM-KZK-ORD-T08,UP,Statue,09:38,Mon-Sun
TVM-KZK-ORD,TVM-KZK-ORD-T08,UP,Palayam,09:46,Mon-Sun
TVM-KZK-ORD,TVM-KZK-ORD-T08,UP,Pattom,09:54,Mon-Sun
TVM-KZK-ORD,TVM-KZK-ORD-T08,UP,Kesavadasapuram,10:02,Mon-Sun
TVM-KZK-ORD,TVM-KZK-ORD-T08,UP,Ulloor,10:10,Mon-Sun
TVM-KZK-ORD,TVM-KZK-ORD-T08,UP,Sreekaryam,10:18,Mon-Sun
TVM-KZK-ORD,TVM-KZK-ORD-T08,UP,Kazhakuttam,10:26,Mon-Sun
TVM-KZK-ORD,TVM-KZK-ORD-T09,UP,East Fort,10:00,Mon-Sun
TVM-KZK-ORD,TVM-KZK-ORD-T09,UP,Statue,10:08,Mon-Sun
TVM-KZK-ORD,TVM-KZK-ORD-T09,UP,Palayam,10:16,Mon-Sun
TVM-KZK-ORD,TVM-KZK-ORD-T09,UP,Pattom,10:24,Mon-Sun
TVM-KZK-ORD,TVM-KZK-ORD-T09,UP,Kesavadasapuram,10:32,Mon-Sun
TVM-KZK-ORD,TVM-KZK-ORD-T09,UP,Ulloor,10:40,Mon-Sun
TVM-KZK-ORD,TVM-KZK-ORD-T09,UP,Sreekaryam,10:48,Mon-Sun
TVM-KZK-ORD,TVM-KZK-ORD-T09,UP,Kazhakuttam,10:56,Mon-Sun
TVM-KZK-ORD,TVM-KZK-ORD-T10,UP,East Fort,10:30,Mon-Sun
TVM-KZK-ORD,TVM-KZK-ORD-T10,UP,Statue,10:38,Mon-Sun
TVM-KZK-ORD,TVM-KZK-ORD-T10,UP,Palayam,10:46,Mon-Sun
TVM-KZK-ORD,TVM-KZK-ORD-T10,UP,Pattom,10:54,Mon-Sun
TVM-KZK-ORD,TVM-KZK-ORD-T10,UP,Kesavadasapuram,11:02,Mon-Sun
TVM-KZK-ORD,TVM-KZK-ORD-T10,UP,Ulloor,11:10,Mon-Sun
TVM-KZK-ORD,TVM-KZK-ORD-T10,UP,Sreekaryam,11:18,Mon-Sun
TVM-KZK-ORD,TVM-KZK-ORD-T10,UP,Kazhakuttam,11:26,Mon-Sun
TVM-KZK-ORD,TVM-KZK-ORD-T11,UP,East Fort,11:00,Mon-Sun
TVM-KZK-ORD,TVM-KZK-ORD-T11,UP,Statue,11:08,Mon-Sun
TVM-KZK-ORD,TVM-KZK-ORD-T11,UP,Palayam,11:16,Mon-Sun
TVM-KZK-ORD,TVM-KZK-ORD-T11,UP,Pattom,11:24,Mon-Sun
TVM-KZK-ORD,TVM-KZK-ORD-T11,UP,Kesavadasapuram,11:32,Mon-Sun
TVM-KZK-ORD,TVM-KZK-ORD-T11,UP,Ulloor,11:40,Mon-Sun
TVM-KZK-ORD,TVM-KZK-ORD-T11,UP,Sreekaryam,11:48,Mon-Sun
TVM-KZK-ORD,TVM-KZK-ORD-T11,UP,Kazhakuttam,11:56,Mon-Sun
TVM-KZK-ORD,TVM-KZK-ORD-T12,UP,East Fort,11:30,Mon-Sun
TVM-KZK-ORD,TVM-KZK-ORD-T12,UP,Statue,11:38,Mon-Sun
TVM-KZK-ORD,TVM-KZK-ORD-T12,UP,Palayam,11:46,Mon-Sun
TVM-KZK-ORD,TVM-KZK-ORD-T12,UP,Pattom,11:54,Mon-Sun
TVM-KZK-ORD,TVM-KZK-ORD-T12,UP,Kesavadasapuram,12:02,Mon-Sun
TVM-KZK-ORD,TVM-KZK-ORD-T12,UP,Ulloor,12:10,Mon-Sun
TVM-KZK-ORD,TVM-KZK-ORD-T12,UP,Sreekaryam,12:18,Mon-Sun
TVM-KZK-ORD,TVM-KZK-ORD-T12,UP,Kazhakuttam,12:26,Mon-Sun
TVM-KZK-ORD,TVM-KZK-ORD-T13,UP,East Fort,12:00,Mon-Sun
TVM-KZK-ORD,TVM-KZK-ORD-T13,UP,Statue,12:08,Mon-Sun
TVM-KZK-ORD,TVM-KZK-ORD-T13,UP,Palayam,12:16,Mon-Sun
TVM-KZK-ORD,TVM-KZK-ORD-T13,UP,Pattom,12:24,Mon-Sun
TVM-KZK-ORD,TVM-KZK-ORD-T13,UP,Kesavadasapuram,12:32,Mon-Sun
TVM-KZK-ORD,TVM-KZK-ORD-T13,UP,Ulloor,12:40,Mon-Sun
TVM-KZK-ORD,TVM-KZK-ORD-T13,UP,Sreekaryam,12:48,Mon-Sun
TVM-KZK-ORD,TVM-KZK-ORD-T13,UP,Kazhakuttam,12:56,Mon-Sun
TVM-KZK-ORD,TVM-KZK-ORD-T14,UP,East Fort,12:30,Mon-Sun
TVM-KZK-ORD,TVM-KZK-ORD-T14,UP,Statue,12:38,Mon-Sun
TVM-KZK-ORD,TVM-KZK-ORD-T14,UP,Palayam,12:46,Mon-Sun
TVM-KZK-ORD,TVM-KZK-ORD-T14,UP,Pattom,12:54,Mon-Sun
TVM-KZK-ORD,TVM-KZK-ORD-T14,UP,Kesavadasapuram,13:02,Mon-Sun
TVM-KZK-ORD,TVM-KZK-ORD-T14,UP,Ulloor,13:10,Mon-Sun
TVM-KZK-ORD,TVM-KZK-ORD-T14,UP,Sreekaryam,13:18,Mon-Sun
TVM-KZK-ORD,TVM-KZK-ORD-T14,UP,Kazhakuttam,13:26,Mon-Sun
TVM-KZK-ORD,TVM-KZK-ORD-T15,UP,East Fort,13:00,Mon-Sun
TVM-KZK-ORD,TVM-KZK-ORD-T15,UP,Statue,13:08,Mon-Sun
TVM-KZK-ORD,TVM-KZK-ORD-T15,UP,Palayam,13:16,Mon-Sun
TVM-KZK-ORD,TVM-KZK-ORD-T15,UP,Pattom,13:24,Mon-Sun
TVM-KZK-ORD,TVM-KZK-ORD-T15,UP,Kesavadasapuram,13:32,Mon-Sun
TVM-KZK-ORD,TVM-KZK-ORD-T15,UP,Ulloor,13:40,Mon-Sun
TVM-KZK-ORD,TVM-KZK-ORD-T15,UP,Sreekaryam,13:48,Mon-Sun
TVM-KZK-ORD,TVM-KZK-ORD-T15,UP,Kazhakuttam,13:56,Mon-Sun
TVM-KZK-ORD,TVM-KZK-ORD-T16,UP,East Fort,13:30,Mon-Sun
TVM-KZK-ORD,TVM-KZK-ORD-T16,UP,Statue,13:38,Mon-Sun
TVM-KZK-ORD,TVM-KZK-ORD-T16,UP,Palayam,13:46,Mon-Sun
TVM-KZK-ORD,TVM-KZK-ORD-T16,UP,Pattom,13:54,Mon-Sun
TVM-KZK-ORD,TVM-KZK-ORD-T16,UP,Kesavadasapuram,14:02,Mon-Sun
TVM-KZK-ORD,TVM-KZK-ORD-T16,UP,Ulloor,14:10,Mon-Sun
TVM-KZK-ORD,TVM-KZK-ORD-T16,UP,Sreekaryam,14:18,Mon-Sun
TVM-KZK-ORD,TVM-KZK-ORD-T16,UP,Kazhakuttam,14:26,Mon-Sun
TVM-KZK-ORD,TVM-KZK-ORD-T17,UP,East Fort,14:00,Mon-Sun
TVM-KZK-ORD,TVM-KZK-ORD-T17,UP,Statue,14:08,Mon-Sun
TVM-KZK-ORD,TVM-KZK-ORD-T17,UP,Palayam,14:16,Mon-Sun
TVM-KZK-ORD,TVM-KZK-ORD-T17,UP,Pattom,14:24,Mon-Sun
TVM-KZK-ORD,TVM-KZK-ORD-T17,UP,Kesavadasapuram,14:32,Mon-Sun
TVM-KZK-ORD,TVM-KZK-ORD-T17,UP,Ulloor,14:40,Mon-Sun
TVM-KZK-ORD,TVM-KZK-ORD-T17,UP,Sreekaryam,14:48,Mon-Sun
TVM-KZK-ORD,TVM-KZK-ORD-T17,UP,Kazhakuttam,14:56,Mon-Sun
TVM-KZK-ORD,TVM-KZK-ORD-T18,UP,East Fort,14:30,Mon-Sun
TVM-KZK-ORD,TVM-KZK-ORD-T18,UP,Statue,14:38,Mon-Sun
TVM-KZK-ORD,TVM-KZK-ORD-T18,UP,Palayam,14:46,Mon-Sun
TVM-KZK-ORD,TVM-KZK-ORD-T18,UP,Pattom,14:54,Mon-Sun
TVM-KZK-ORD,TVM-KZK-ORD-T18,UP,Kesavadasapuram,15:02,Mon-Sun
TVM-KZK-ORD,TVM-KZK-ORD-T18,UP,Ulloor,15:10,Mon-Sun
TVM-KZK-ORD,TVM-KZK-ORD-T18,UP,Sreekaryam,15:18,Mon-Sun
TVM-KZK-ORD,TVM-KZK-ORD-T18,UP,Kazhakuttam,15:26,Mon-Sun
TVM-KZK-ORD,TVM-KZK-ORD-T19,UP,East Fort,15:00,Mon-Sun
TVM-KZK-ORD,TVM-KZK-ORD-T19,UP,Statue,15:08,Mon-Sun
TVM-KZK-ORD,TVM-KZK-ORD-T19,UP,Palayam,15:16,Mon-Sun
TVM-KZK-ORD,TVM-KZK-ORD-T19,UP,Pattom,15:24,Mon-Sun
TVM-KZK-ORD,TVM-KZK-ORD-T19,UP,Kesavadasapuram,15:32,Mon-Sun
TVM-KZK-ORD,TVM-KZK-ORD-T19,UP,Ulloor,15:40,Mon-Sun
TVM-KZK-ORD,TVM-KZK-ORD-T19,UP,Sreekaryam,15:48,Mon-Sun
TVM-KZK-ORD,TVM-KZK-ORD-T19,UP,Kazhakuttam,15:56,Mon-Sun
TVM-KZK-ORD,TVM-KZK-ORD-T20,UP,East Fort,15:30,Mon-Sun
TVM-KZK-ORD,TVM-KZK-ORD-T20,UP,Statue,15:38,Mon-Sun
TVM-KZK-ORD,TVM-KZK-ORD-T20,UP,Palayam,15:46,Mon-Sun
TVM-KZK-ORD,TVM-KZK-ORD-T20,UP,Pattom,15:54,Mon-Sun
TVM-KZK-ORD,TVM-KZK-ORD-T20,UP,Kesavadasapuram,16:02,Mon-Sun
TVM-KZK-ORD,TVM-KZK-ORD-T20,UP,Ulloor,16:10,Mon-Sun
TVM-KZK-ORD,TVM-KZK-ORD-T20,UP,Sreekaryam,16:18,Mon-Sun
TVM-KZK-ORD,TVM-KZK-ORD-T20,UP,Kazhakuttam,16:26,Mon-Sun
TVM-KZK-ORD,TVM-KZK-ORD-T21,UP,East Fort,16:00,Mon-Sun
TVM-KZK-ORD,TVM-KZK-ORD-T21,UP,Statue,16:08,Mon-Sun
TVM-KZK-ORD,TVM-KZK-ORD-T21,UP,Palayam,16:16,Mon-Sun
TVM-KZK-ORD,TVM-KZK-ORD-T21,UP,Pattom,16:24,Mon-Sun
TVM-KZK-ORD,TVM-KZK-ORD-T21,UP,Kesavadasapuram,16:32,Mon-Sun
TVM-KZK-ORD,TVM-KZK-ORD-T21,UP,Ulloor,16:40,Mon-Sun
TVM-KZK-ORD,TVM-KZK-ORD-T21,UP,Sreekaryam,16:48,Mon-Sun
TVM-KZK-ORD,TVM-KZK-ORD-T21,UP,Kazhakuttam,16:56,Mon-Sun
TVM-KZK-ORD,TVM-KZK-ORD-T22,UP,East Fort,16:30,Mon-Sun
TVM-KZK-ORD,TVM-KZK-ORD-T22,UP,Statue,16:38,Mon-Sun
TVM-KZK-ORD,TVM-KZK-ORD-T22,UP,Palayam,16:46,Mon-Sun
TVM-KZK-ORD,TVM-KZK-ORD-T22,UP,Pattom,16:54,Mon-Sun
TVM-KZK-ORD,TVM-KZK-ORD-T22,UP,Kesavadasapuram,17:02,Mon-Sun
TVM-KZK-ORD,TVM-KZK-ORD-T22,UP,Ulloor,17:10,Mon-Sun
TVM-KZK-ORD,TVM-KZK-ORD-T22,UP,Sreekaryam,17:18,Mon-Sun
TVM-KZK-ORD,TVM-KZK-ORD-T22,UP,Kazhakuttam,17:26,Mon-Sun
TVM-KZK-ORD,TVM-KZK-ORD-T23,UP,East Fort,17:00,Mon-Sun
TVM-KZK-ORD,TVM-KZK-ORD-T23,UP,Statue,17:08,Mon-Sun
TVM-KZK-ORD,TVM-KZK-ORD-T23,UP,Palayam,17:16,Mon-Sun
TVM-KZK-ORD,TVM-KZK-ORD-T23,UP,Pattom,17:24,Mon-Sun
TVM-KZK-ORD,TVM-KZK-ORD-T23,UP,Kesavadasapuram,17:32,Mon-Sun
TVM-KZK-ORD,TVM-KZK-ORD-T23,UP,Ulloor,17:40,Mon-Sun
TVM-KZK-ORD,TVM-KZK-ORD-T23,UP,Sreekaryam,17:48,Mon-Sun
TVM-KZK-ORD,TVM-KZK-ORD-T23,UP,Kazhakuttam,17:56,Mon-Sun
TVM-KZK-ORD,TVM-KZK-ORD-T24,UP,East Fort,17:30,Mon-Sun
TVM-KZK-ORD,TVM-KZK-ORD-T24,UP,Statue,17:38,Mon-Sun
TVM-KZK-ORD,TVM-KZK-ORD-T24,UP,Palayam,17:46,Mon-Sun
TVM-KZK-ORD,TVM-KZK-ORD-T24,UP,Pattom,17:54,Mon-Sun
TVM-KZK-ORD,TVM-KZK-ORD-T24,UP,Kesavadasapuram,18:02,Mon-Sun
TVM-KZK-ORD,TVM-KZK-ORD-T24,UP,Ulloor,18:10,Mon-Sun
TVM-KZK-ORD,TVM-KZK-ORD-T24,UP,Sreekaryam,18:18,Mon-Sun
TVM-KZK-ORD,TVM-KZK-ORD-T24,UP,Kazhakuttam,18:26,Mon-Sun
TVM-KZK-ORD,TVM-KZK-ORD-T25,UP,East Fort,18:00,Mon-Sun
TVM-KZK-ORD,TVM-KZK-ORD-T25,UP,Statue,18:08,Mon-Sun
TVM-KZK-ORD,TVM-KZK-ORD-T25,UP,Palayam,18:16,Mon-Sun
TVM-KZK-ORD,TVM-KZK-ORD-T25,UP,Pattom,18:24,Mon-Sun
TVM-KZK-ORD,TVM-KZK-ORD-T25,UP,Kesavadasapuram,18:32,Mon-Sun
TVM-KZK-ORD,TVM-KZK-ORD-T25,UP,Ulloor,18:40,Mon-Sun
TVM-KZK-ORD,TVM-KZK-ORD-T25,UP,Sreekaryam,18:48,Mon-Sun
TVM-KZK-ORD,TVM-KZK-ORD-T25,UP,Kazhakuttam,18:56,Mon-Sun
TVM-KZK-ORD,TVM-KZK-ORD-T26,UP,East Fort,18:30,Mon-Sun
TVM-KZK-ORD,TVM-KZK-ORD-T26,UP,Statue,18:38,Mon-Sun
TVM-KZK-ORD,TVM-KZK-ORD-T26,UP,Palayam,18:46,Mon-Sun
TVM-KZK-ORD,TVM-KZK-ORD-T26,UP,Pattom,18:54,Mon-Sun
TVM-KZK-ORD,TVM-KZK-ORD-T26,UP,Kesavadasapuram,19:02,Mon-Sun
TVM-KZK-ORD,TVM-KZK-ORD-T26,UP,Ulloor,19:10,Mon-Sun
TVM-KZK-ORD,TVM-KZK-ORD-T26,UP,Sreekaryam,19:18,Mon-Sun
TVM-KZK-ORD,TVM-KZK-ORD-T26,UP,Kazhakuttam,19:26,Mon-Sun
TVM-KZK-ORD,TVM-KZK-ORD-T27,UP,East Fort,19:00,Mon-Sun
TVM-KZK-ORD,TVM-KZK-ORD-T27,UP,Statue,19:08,Mon-Sun
TVM-KZK-ORD,TVM-KZK-ORD-T27,UP,Palayam,19:16,Mon-Sun
TVM-KZK-ORD,TVM-KZK-ORD-T27,UP,Pattom,19:24,Mon-Sun
TVM-KZK-ORD,TVM-KZK-ORD-T27,UP,Kesavadasapuram,19:32,Mon-Sun
TVM-KZK-ORD,TVM-KZK-ORD-T27,UP,Ulloor,19:40,Mon-Sun
TVM-KZK-ORD,TVM-KZK-ORD-T27,UP,Sreekaryam,19:48,Mon-Sun
TVM-KZK-ORD,TVM-KZK-ORD-T27,UP,Kazhakuttam,19:56,Mon-Sun
TVM-KZK-ORD,TVM-KZK-ORD-T28,UP,East Fort,19:30,Mon-Sun
TVM-KZK-ORD,TVM-KZK-ORD-T28,UP,Statue,19:38,Mon-Sun
TVM-KZK-ORD,TVM-KZK-ORD-T28,UP,Palayam,19:46,Mon-Sun
TVM-KZK-ORD,TVM-KZK-ORD-T28,UP,Pattom,19:54,Mon-Sun
TVM-KZK-ORD,TVM-KZK-ORD-T28,UP,Kesavadasapuram,20:02,Mon-Sun
TVM-KZK-ORD,TVM-KZK-ORD-T28,UP,Ulloor,20:10,Mon-Sun
TVM-KZK-ORD,TVM-KZK-ORD-T28,UP,Sreekaryam,20:18,Mon-Sun
TVM-KZK-ORD,TVM-KZK-ORD-T28,UP,Kazhakuttam,20:26,Mon-Sun
TVM-KZK-ORD,TVM-KZK-ORD-T29,UP,East Fort,20:00,Mon-Sun
TVM-KZK-ORD,TVM-KZK-ORD-T29,UP,Statue,20:08,Mon-Sun
TVM-KZK-ORD,TVM-KZK-ORD-T29,UP,Palayam,20:16,Mon-Sun
TVM-KZK-ORD,TVM-KZK-ORD-T29,UP,Pattom,20:24,Mon-Sun
TVM-KZK-ORD,TVM-KZK-ORD-T29,UP,Kesavadasapuram,20:32,Mon-Sun
TVM-KZK-ORD,TVM-KZK-ORD-T29,UP,Ulloor,20:40,Mon-Sun
TVM-KZK-ORD,TVM-KZK-ORD-T29,UP,Sreekaryam,20:48,Mon-Sun
TVM-KZK-ORD,TVM-KZK-ORD-T29,UP,Kazhakuttam,20:56,Mon-Sun
TVM-KZK-ORD,TVM-KZK-ORD-T30,UP,East Fort,20:30,Mon-Sun
TVM-KZK-ORD,TVM-KZK-ORD-T30,UP,Statue,20:38,Mon-Sun
TVM-KZK-ORD,TVM-KZK-ORD-T30,UP,Palayam,20:46,Mon-Sun
TVM-KZK-ORD,TVM-KZK-ORD-T30,UP,Pattom,20:54,Mon-Sun
TVM-KZK-ORD,TVM-KZK-ORD-T30,UP,Kesavadasapuram,21:02,Mon-Sun
TVM-KZK-ORD,TVM-KZK-ORD-T30,UP,Ulloor,21:10,Mon-Sun
TVM-KZK-ORD,TVM-KZK-ORD-T30,UP,Sreekaryam,21:18,Mon-Sun
TVM-KZK-ORD,TVM-KZK-ORD-T30,UP,Kazhakuttam,21:26,Mon-Sun
TVM-KZK-ORD,TVM-KZK-ORD-T31,UP,East Fort,21:00,Mon-Sun
TVM-KZK-ORD,TVM-KZK-ORD-T31,UP,Statue,21:08,Mon-Sun
TVM-KZK-ORD,TVM-KZK-ORD-T31,UP,Palayam,21:16,Mon-Sun
TVM-KZK-ORD,TVM-KZK-ORD-T31,UP,Pattom,21:24,Mon-Sun
TVM-KZK-ORD,TVM-KZK-ORD-T31,UP,Kesavadasapuram,21:32,Mon-Sun
TVM-KZK-ORD,TVM-KZK-ORD-T31,UP,Ulloor,21:40,Mon-Sun
TVM-KZK-ORD,TVM-KZK-ORD-T31,UP,Sreekaryam,21:48,Mon-Sun
TVM-KZK-ORD,TVM-KZK-ORD-T31,UP,Kazhakuttam,21:56,Mon-Sun
TVM-KVL-ORD,TVM-KVL-ORD-T01,UP,Thampanoor,06:00,Mon-Sun
TVM-KVL-ORD,TVM-KVL-ORD-T01,UP,Attakulangara,06:06,Mon-Sun
TVM-KVL-ORD,TVM-KVL-ORD-T01,UP,Manacaud,06:12,Mon-Sun
TVM-KVL-ORD,TVM-KVL-ORD-T01,UP,Thiruvallam,06:18,Mon-Sun
TVM-KVL-ORD,TVM-KVL-ORD-T01,UP,Vazhamuttom,06:24,Mon-Sun
TVM-KVL-ORD,TVM-KVL-ORD-T01,UP,Kovalam,06:30,Mon-Sun
TVM-KVL-ORD,TVM-KVL-ORD-T02,UP,Thampanoor,06:30,Mon-Sun
TVM-KVL-ORD,TVM-KVL-ORD-T02,UP,Attakulangara,06:36,Mon-Sun
TVM-KVL-ORD,TVM-KVL-ORD-T02,UP,Manacaud,06:42,Mon-Sun
TVM-KVL-ORD,TVM-KVL-ORD-T02,UP,Thiruvallam,06:48,Mon-Sun
TVM-KVL-ORD,TVM-KVL-ORD-T02,UP,Vazhamuttom,06:54,Mon-Sun
TVM-KVL-ORD,TVM-KVL-ORD-T02,UP,Kovalam,07:00,Mon-Sun
TVM-KVL-ORD,TVM-KVL-ORD-T03,UP,Thampanoor,07:00,Mon-Sun
TVM-KVL-ORD,TVM-KVL-ORD-T03,UP,Attakulangara,07:06,Mon-Sun
TVM-KVL-ORD,TVM-KVL-ORD-T03,UP,Manacaud,07:12,Mon-Sun
TVM-KVL-ORD,TVM-KVL-ORD-T03,UP,Thiruvallam,07:18,Mon-Sun
TVM-KVL-ORD,TVM-KVL-ORD-T03,UP,Vazhamuttom,07:24,Mon-Sun
TVM-KVL-ORD,TVM-KVL-ORD-T03,UP,Kovalam,07:30,Mon-Sun
TVM-KVL-ORD,TVM-KVL-ORD-T04,UP,Thampanoor,07:30,Mon-Sun
TVM-KVL-ORD,TVM-KVL-ORD-T04,UP,Attakulangara,07:36,Mon-Sun
TVM-KVL-ORD,TVM-KVL-ORD-T04,UP,Manacaud,07:42,Mon-Sun
TVM-KVL-ORD,TVM-KVL-ORD-T04,UP,Thiruvallam,07:48,Mon-Sun
TVM-KVL-ORD,TVM-KVL-ORD-T04,UP,Vazhamuttom,07:54,Mon-Sun
TVM-KVL-ORD,TVM-KVL-ORD-T04,UP,Kovalam,08:00,Mon-Sun
TVM-KVL-ORD,TVM-KVL-ORD-T05,UP,Thampanoor,08:00,Mon-Sun
TVM-KVL-ORD,TVM-KVL-ORD-T05,UP,Attakulangara,08:06,Mon-Sun
TVM-KVL-ORD,TVM-KVL-ORD-T05,UP,Manacaud,08:12,Mon-Sun
TVM-KVL-ORD,TVM-KVL-ORD-T05,UP,Thiruvallam,08:18,Mon-Sun
TVM-KVL-ORD,TVM-KVL-ORD-T05,UP,Vazhamuttom,08:24,Mon-Sun
TVM-KVL-ORD,TVM-KVL-ORD-T05,UP,Kovalam,08:30,Mon-Sun
TVM-KVL-ORD,TVM-KVL-ORD-T06,UP,Thampanoor,08:30,Mon-Sun
TVM-KVL-ORD,TVM-KVL-ORD-T06,UP,Attakulangara,08:36,Mon-Sun
TVM-KVL-ORD,TVM-KVL-ORD-T06,UP,Manacaud,08:42,Mon-Sun
TVM-KVL-ORD,TVM-KVL-ORD-T06,UP,Thiruvallam,08:48,Mon-Sun
TVM-KVL-ORD,TVM-KVL-ORD-T06,UP,Vazhamuttom,08:54,Mon-Sun
TVM-KVL-ORD,TVM-KVL-ORD-T06,UP,Kovalam,09:00,Mon-Sun
TVM-KVL-ORD,TVM-KVL-ORD-T07,UP,Thampanoor,09:00,Mon-Sun
TVM-KVL-ORD,TVM-KVL-ORD-T07,UP,Attakulangara,09:06,Mon-Sun
TVM-KVL-ORD,TVM-KVL-ORD-T07,UP,Manacaud,09:12,Mon-Sun
TVM-KVL-ORD,TVM-KVL-ORD-T07,UP,Thiruvallam,09:18,Mon-Sun
TVM-KVL-ORD,TVM-KVL-ORD-T07,UP,Vazhamuttom,09:24,Mon-Sun
TVM-KVL-ORD,TVM-KVL-ORD-T07,UP,Kovalam,09:30,Mon-Sun
TVM-KVL-ORD,TVM-KVL-ORD-T08,UP,Thampanoor,09:30,Mon-Sun
TVM-KVL-ORD,TVM-KVL-ORD-T08,UP,Attakulangara,09:36,Mon-Sun
TVM-KVL-ORD,TVM-KVL-ORD-T08,UP,Manacaud,09:42,Mon-Sun
TVM-KVL-ORD,TVM-KVL-ORD-T08,UP,Thiruvallam,09:48,Mon-Sun
TVM-KVL-ORD,TVM-KVL-ORD-T08,UP,Vazhamuttom,09:54,Mon-Sun
TVM-KVL-ORD,TVM-KVL-ORD-T08,UP,Kovalam,10:00,Mon-Sun
TVM-KVL-ORD,TVM-KVL-ORD-T09,UP,Thampanoor,10:00,Mon-Sun
TVM-KVL-ORD,TVM-KVL-ORD-T09,UP,Attakulangara,10:06,Mon-Sun
TVM-KVL-ORD,TVM-KVL-ORD-T09,UP,Manacaud,10:12,Mon-Sun
TVM-KVL-ORD,TVM-KVL-ORD-T09,UP,Thiruvallam,10:18,Mon-Sun
TVM-KVL-ORD,TVM-KVL-ORD-T09,UP,Vazhamuttom,10:24,Mon-Sun
TVM-KVL-ORD,TVM-KVL-ORD-T09,UP,Kovalam,10:30,Mon-Sun
TVM-KVL-ORD,TVM-KVL-ORD-T10,UP,Thampanoor,10:30,Mon-Sun
TVM-KVL-ORD,TVM-KVL-ORD-T10,UP,Attakulangara,10:36,Mon-Sun
TVM-KVL-ORD,TVM-KVL-ORD-T10,UP,Manacaud,10:42,Mon-Sun
TVM-KVL-ORD,TVM-KVL-ORD-T10,UP,Thiruvallam,10:48,Mon-Sun
TVM-KVL-ORD,TVM-KVL-ORD-T10,UP,Vazhamuttom,10:54,Mon-Sun
TVM-KVL-ORD,TVM-KVL-ORD-T10,UP,Kovalam,11:00,Mon-Sun
TVM-KVL-ORD,TVM-KVL-ORD-T11,UP,Thampanoor,11:00,Mon-Sun
TVM-KVL-ORD,TVM-KVL-ORD-T11,UP,Attakulangara,11:06,Mon-Sun
TVM-KVL-ORD,TVM-KVL-ORD-T11,UP,Manacaud,11:12,Mon-Sun
TVM-KVL-ORD,TVM-KVL-ORD-T11,UP,Thiruvallam,11:18,Mon-Sun
TVM-KVL-ORD,TVM-KVL-ORD-T11,UP,Vazhamuttom,11:24,Mon-Sun
TVM-KVL-ORD,TVM-KVL-ORD-T11,UP,Kovalam,11:30,Mon-Sun
TVM-KVL-ORD,TVM-KVL-ORD-T12,UP,Thampanoor,11:30,Mon-Sun
TVM-KVL-ORD,TVM-KVL-ORD-T12,UP,Attakulangara,11:36,Mon-Sun
TVM-KVL-ORD,TVM-KVL-ORD-T12,UP,Manacaud,11:42,Mon-Sun
TVM-KVL-ORD,TVM-KVL-ORD-T12,UP,Thiruvallam,11:48,Mon-Sun
TVM-KVL-ORD,TVM-KVL-ORD-T12,UP,Vazhamuttom,11:54,Mon-Sun
TVM-KVL-ORD,TVM-KVL-ORD-T12,UP,Kovalam,12:00,Mon-Sun
TVM-KVL-ORD,TVM-KVL-ORD-T13,UP,Thampanoor,12:00,Mon-Sun
TVM-KVL-ORD,TVM-KVL-ORD-T13,UP,Attakulangara,12:06,Mon-Sun
TVM-KVL-ORD,TVM-KVL-ORD-T13,UP,Manacaud,12:12,Mon-Sun
TVM-KVL-ORD,TVM-KVL-ORD-T13,UP,Thiruvallam,12:18,Mon-Sun
TVM-KVL-ORD,TVM-KVL-ORD-T13,UP,Vazhamuttom,12:24,Mon-Sun
TVM-KVL-ORD,TVM-KVL-ORD-T13,UP,Kovalam,12:30,Mon-Sun
TVM-KVL-ORD,TVM-KVL-ORD-T14,UP,Thampanoor,12:30,Mon-Sun
TVM-KVL-ORD,TVM-KVL-ORD-T14,UP,Attakulangara,12:36,Mon-Sun
TVM-KVL-ORD,TVM-KVL-ORD-T14,UP,Manacaud,12:42,Mon-Sun
TVM-KVL-ORD,TVM-KVL-ORD-T14,UP,Thiruvallam,12:48,Mon-Sun
TVM-KVL-ORD,TVM-KVL-ORD-T14,UP,Vazhamuttom,12:54,Mon-Sun
TVM-KVL-ORD,TVM-KVL-ORD-T14,UP,Kovalam,13:00,Mon-Sun
TVM-KVL-ORD,TVM-KVL-ORD-T15,UP,Thampanoor,13:00,Mon-Sun
TVM-KVL-ORD,TVM-KVL-ORD-T15,UP,Attakulangara,13:06,Mon-Sun
TVM-KVL-ORD,TVM-KVL-ORD-T15,UP,Manacaud,13:12,Mon-Sun
TVM-KVL-ORD,TVM-KVL-ORD-T15,UP,Thiruvallam,13:18,Mon-Sun
TVM-KVL-ORD,TVM-KVL-ORD-T15,UP,Vazhamuttom,13:24,Mon-Sun
TVM-KVL-ORD,TVM-KVL-ORD-T15,UP,Kovalam,13:30,Mon-Sun
TVM-KVL-ORD,TVM-KVL-ORD-T16,UP,Thampanoor,13:30,Mon-Sun
TVM-KVL-ORD,TVM-KVL-ORD-T16,UP,Attakulangara,13:36,Mon-Sun
TVM-KVL-ORD,TVM-KVL-ORD-T16,UP,Manacaud,13:42,Mon-Sun
TVM-KVL-ORD,TVM-KVL-ORD-T16,UP,Thiruvallam,13:48,Mon-Sun
TVM-KVL-ORD,TVM-KVL-ORD-T16,UP,Vazhamuttom,13:54,Mon-Sun
TVM-KVL-ORD,TVM-KVL-ORD-T16,UP,Kovalam,14:00,Mon-Sun
TVM-KVL-ORD,TVM-KVL-ORD-T17,UP,Thampanoor,14:00,Mon-Sun
TVM-KVL-ORD,TVM-KVL-ORD-T17,UP,Attakulangara,14:06,Mon-Sun
TVM-KVL-ORD,TVM-KVL-ORD-T17,UP,Manacaud,14:12,Mon-Sun
TVM-KVL-ORD,TVM-KVL-ORD-T17,UP,Thiruvallam,14:18,Mon-Sun
TVM-KVL-ORD,TVM-KVL-ORD-T17,UP,Vazhamuttom,14:24,Mon-Sun
TVM-KVL-ORD,TVM-KVL-ORD-T17,UP,Kovalam,14:30,Mon-Sun
TVM-KVL-ORD,TVM-KVL-ORD-T18,UP,Thampanoor,14:30,Mon-Sun
TVM-KVL-ORD,TVM-KVL-ORD-T18,UP,Attakulangara,14:36,Mon-Sun
TVM-KVL-ORD,TVM-KVL-ORD-T18,UP,Manacaud,14:42,Mon-Sun
TVM-KVL-ORD,TVM-KVL-ORD-T18,UP,Thiruvallam,14:48,Mon-Sun
TVM-KVL-ORD,TVM-KVL-ORD-T18,UP,Vazhamuttom,14:54,Mon-Sun
TVM-KVL-ORD,TVM-KVL-ORD-T18,UP,Kovalam,15:00,Mon-Sun
TVM-KVL-ORD,TVM-KVL-ORD-T19,UP,Thampanoor,15:00,Mon-Sun
TVM-KVL-ORD,TVM-KVL-ORD-T19,UP,Attakulangara,15:06,Mon-Sun
TVM-KVL-ORD,TVM-KVL-ORD-T19,UP,Manacaud,15:12,Mon-Sun
TVM-KVL-ORD,TVM-KVL-ORD-T19,UP,Thiruvallam,15:18,Mon-Sun
TVM-KVL-ORD,TVM-KVL-ORD-T19,UP,Vazhamuttom,15:24,Mon-Sun
TVM-KVL-ORD,TVM-KVL-ORD-T19,UP,Kovalam,15:30,Mon-Sun
TVM-KVL-ORD,TVM-KVL-ORD-T20,UP,Thampanoor,15:30,Mon-Sun
TVM-KVL-ORD,TVM-KVL-ORD-T20,UP,Attakulangara,15:36,Mon-Sun
TVM-KVL-ORD,TVM-KVL-ORD-T20,UP,Manacaud,15:42,Mon-Sun
TVM-KVL-ORD,TVM-KVL-ORD-T20,UP,Thiruvallam,15:48,Mon-Sun
TVM-KVL-ORD,TVM-KVL-ORD-T20,UP,Vazhamuttom,15:54,Mon-Sun
TVM-KVL-ORD,TVM-KVL-ORD-T20,UP,Kovalam,16:00,Mon-Sun
TVM-KVL-ORD,TVM-KVL-ORD-T21,UP,Thampanoor,16:00,Mon-Sun
TVM-KVL-ORD,TVM-KVL-ORD-T21,UP,Attakulangara,16:06,Mon-Sun
TVM-KVL-ORD,TVM-KVL-ORD-T21,UP,Manacaud,16:12,Mon-Sun
TVM-KVL-ORD,TVM-KVL-ORD-T21,UP,Thiruvallam,16:18,Mon-Sun
TVM-KVL-ORD,TVM-KVL-ORD-T21,UP,Vazhamuttom,16:24,Mon-Sun
TVM-KVL-ORD,TVM-KVL-ORD-T21,UP,Kovalam,16:30,Mon-Sun
TVM-KVL-ORD,TVM-KVL-ORD-T22,UP,Thampanoor,16:30,Mon-Sun
TVM-KVL-ORD,TVM-KVL-ORD-T22,UP,Attakulangara,16:36,Mon-Sun
TVM-KVL-ORD,TVM-KVL-ORD-T22,UP,Manacaud,16:42,Mon-Sun
TVM-KVL-ORD,TVM-KVL-ORD-T22,UP,Thiruvallam,16:48,Mon-Sun
TVM-KVL-ORD,TVM-KVL-ORD-T22,UP,Vazhamuttom,16:54,Mon-Sun
TVM-KVL-ORD,TVM-KVL-ORD-T22,UP,Kovalam,17:00,Mon-Sun
TVM-KVL-ORD,TVM-KVL-ORD-T23,UP,Thampanoor,17:00,Mon-Sun
TVM-KVL-ORD,TVM-KVL-ORD-T23,UP,Attakulangara,17:06,Mon-Sun
TVM-KVL-ORD,TVM-KVL-ORD-T23,UP,Manacaud,17:12,Mon-Sun
TVM-KVL-ORD,TVM-KVL-ORD-T23,UP,Thiruvallam,17:18,Mon-Sun
TVM-KVL-ORD,TVM-KVL-ORD-T23,UP,Vazhamuttom,17:24,Mon-Sun
TVM-KVL-ORD,TVM-KVL-ORD-T23,UP,Kovalam,17:30,Mon-Sun
TVM-KVL-ORD,TVM-KVL-ORD-T24,UP,Thampanoor,17:30,Mon-Sun
TVM-KVL-ORD,TVM-KVL-ORD-T24,UP,Attakulangara,17:36,Mon-Sun
TVM-KVL-ORD,TVM-KVL-ORD-T24,UP,Manacaud,17:42,Mon-Sun
TVM-KVL-ORD,TVM-KVL-ORD-T24,UP,Thiruvallam,17:48,Mon-Sun
TVM-KVL-ORD,TVM-KVL-ORD-T24,UP,Vazhamuttom,17:54,Mon-Sun
TVM-KVL-ORD,TVM-KVL-ORD-T24,UP,Kovalam,18:00,Mon-Sun
TVM-KVL-ORD,TVM-KVL-ORD-T25,UP,Thampanoor,18:00,Mon-Sun
TVM-KVL-ORD,TVM-KVL-ORD-T25,UP,Attakulangara,18:06,Mon-Sun
TVM-KVL-ORD,TVM-KVL-ORD-T25,UP,Manacaud,18:12,Mon-Sun
TVM-KVL-ORD,TVM-KVL-ORD-T25,UP,Thiruvallam,18:18,Mon-Sun
TVM-KVL-ORD,TVM-KVL-ORD-T25,UP,Vazhamuttom,18:24,Mon-Sun
TVM-KVL-ORD,TVM-KVL-ORD-T25,UP,Kovalam,18:30,Mon-Sun
TVM-KVL-ORD,TVM-KVL-ORD-T26,UP,Thampanoor,18:30,Mon-Sun
TVM-KVL-ORD,TVM-KVL-ORD-T26,UP,Attakulangara,18:36,Mon-Sun
TVM-KVL-ORD,TVM-KVL-ORD-T26,UP,Manacaud,18:42,Mon-Sun
TVM-KVL-ORD,TVM-KVL-ORD-T26,UP,Thiruvallam,18:48,Mon-Sun
TVM-KVL-ORD,TVM-KVL-ORD-T26,UP,Vazhamuttom,18:54,Mon-Sun
TVM-KVL-ORD,TVM-KVL-ORD-T26,UP,Kovalam,19:00,Mon-Sun
TVM-KVL-ORD,TVM-KVL-ORD-T27,UP,Thampanoor,19:00,Mon-Sun
TVM-KVL-ORD,TVM-KVL-ORD-T27,UP,Attakulangara,19:06,Mon-Sun
TVM-KVL-ORD,TVM-KVL-ORD-T27,UP,Manacaud,19:12,Mon-Sun
TVM-KVL-ORD,TVM-KVL-ORD-T27,UP,Thiruvallam,19:18,Mon-Sun
TVM-KVL-ORD,TVM-KVL-ORD-T27,UP,Vazhamuttom,19:24,Mon-Sun
TVM-KVL-ORD,TVM-KVL-ORD-T27,UP,Kovalam,19:30,Mon-Sun
TVM-KVL-ORD,TVM-KVL-ORD-T28,UP,Thampanoor,19:30,Mon-Sun
TVM-KVL-ORD,TVM-KVL-ORD-T28,UP,Attakulangara,19:36,Mon-Sun
TVM-KVL-ORD,TVM-KVL-ORD-T28,UP,Manacaud,19:42,Mon-Sun
TVM-KVL-ORD,TVM-KVL-ORD-T28,UP,Thiruvallam,19:48,Mon-Sun
TVM-KVL-ORD,TVM-KVL-ORD-T28,UP,Vazhamuttom,19:54,Mon-Sun
TVM-KVL-ORD,TVM-KVL-ORD-T28,UP,Kovalam,20:00,Mon-Sun
TVM-KVL-ORD,TVM-KVL-ORD-T29,UP,Thampanoor,20:00,Mon-Sun
TVM-KVL-ORD,TVM-KVL-ORD-T29,UP,Attakulangara,20:06,Mon-Sun
TVM-KVL-ORD,TVM-KVL-ORD-T29,UP,Manacaud,20:12,Mon-Sun
TVM-KVL-ORD,TVM-KVL-ORD-T29,UP,Thiruvallam,20:18,Mon-Sun
TVM-KVL-ORD,TVM-KVL-ORD-T29,UP,Vazhamuttom,20:24,Mon-Sun
TVM-KVL-ORD,TVM-KVL-ORD-T29,UP,Kovalam,20:30,Mon-Sun
TVM-KVL-ORD,TVM-KVL-ORD-T30,UP,Thampanoor,20:30,Mon-Sun
TVM-KVL-ORD,TVM-KVL-ORD-T30,UP,Attakulangara,20:36,Mon-Sun
TVM-KVL-ORD,TVM-KVL-ORD-T30,UP,Manacaud,20:42,Mon-Sun
TVM-KVL-ORD,TVM-KVL-ORD-T30,UP,Thiruvallam,20:48,Mon-Sun
TVM-KVL-ORD,TVM-KVL-ORD-T30,UP,Vazhamuttom,20:54,Mon-Sun
TVM-KVL-ORD,TVM-KVL-ORD-T30,UP,Kovalam,21:00,Mon-Sun
TVM-KVL-ORD,TVM-KVL-ORD-T31,UP,Thampanoor,21:00,Mon-Sun
TVM-KVL-ORD,TVM-KVL-ORD-T31,UP,Attakulangara,21:06,Mon-Sun
TVM-KVL-ORD,TVM-KVL-ORD-T31,UP,Manacaud,21:12,Mon-Sun
TVM-KVL-ORD,TVM-KVL-ORD-T31,UP,Thiruvallam,21:18,Mon-Sun
TVM-KVL-ORD,TVM-KVL-ORD-T31,UP,Vazhamuttom,21:24,Mon-Sun
TVM-KVL-ORD,TVM-KVL-ORD-T31,UP,Kovalam,21:30,Mon-Sun
TVM-MCH-ORD,TVM-MCH-ORD-T01,UP,East Fort,06:00,Mon-Sun
TVM-MCH-ORD,TVM-MCH-ORD-T01,UP,Statue,06:10,Mon-Sun
TVM-MCH-ORD,TVM-MCH-ORD-T01,UP,Palayam,06:20,Mon-Sun
TVM-MCH-ORD,TVM-MCH-ORD-T01,UP,Pattom,06:30,Mon-Sun
TVM-MCH-ORD,TVM-MCH-ORD-T01,UP,Medical College,06:40,Mon-Sun
TVM-MCH-ORD,TVM-MCH-ORD-T02,UP,East Fort,07:00,Mon-Sun
TVM-MCH-ORD,TVM-MCH-ORD-T02,UP,Statue,07:10,Mon-Sun
TVM-MCH-ORD,TVM-MCH-ORD-T02,UP,Palayam,07:20,Mon-Sun
TVM-MCH-ORD,TVM-MCH-ORD-T02,UP,Pattom,07:30,Mon-Sun
TVM-MCH-ORD,TVM-MCH-ORD-T02,UP,Medical College,07:40,Mon-Sun
TVM-MCH-ORD,TVM-MCH-ORD-T03,UP,East Fort,08:00,Mon-Sun
TVM-MCH-ORD,TVM-MCH-ORD-T03,UP,Statue,08:10,Mon-Sun
TVM-MCH-ORD,TVM-MCH-ORD-T03,UP,Palayam,08:20,Mon-Sun
TVM-MCH-ORD,TVM-MCH-ORD-T03,UP,Pattom,08:30,Mon-Sun
TVM-MCH-ORD,TVM-MCH-ORD-T03,UP,Medical College,08:40,Mon-Sun
TVM-MCH-ORD,TVM-MCH-ORD-T04,UP,East Fort,09:00,Mon-Sun
TVM-MCH-ORD,TVM-MCH-ORD-T04,UP,Statue,09:10,Mon-Sun
TVM-MCH-ORD,TVM-MCH-ORD-T04,UP,Palayam,09:20,Mon-Sun
TVM-MCH-ORD,TVM-MCH-ORD-T04,UP,Pattom,09:30,Mon-Sun
TVM-MCH-ORD,TVM-MCH-ORD-T04,UP,Medical College,09:40,Mon-Sun
TVM-MCH-ORD,TVM-MCH-ORD-T05,UP,East Fort,10:00,Mon-Sun
TVM-MCH-ORD,TVM-MCH-ORD-T05,UP,Statue,10:10,Mon-Sun
TVM-MCH-ORD,TVM-MCH-ORD-T05,UP,Palayam,10:20,Mon-Sun
TVM-MCH-ORD,TVM-MCH-ORD-T05,UP,Pattom,10:30,Mon-Sun
TVM-MCH-ORD,TVM-MCH-ORD-T05,UP,Medical College,10:40,Mon-Sun
TVM-MCH-ORD,TVM-MCH-ORD-T06,UP,East Fort,11:00,Mon-Sun
TVM-MCH-ORD,TVM-MCH-ORD-T06,UP,Statue,11:10,Mon-Sun
TVM-MCH-ORD,TVM-MCH-ORD-T06,UP,Palayam,11:20,Mon-Sun
TVM-MCH-ORD,TVM-MCH-ORD-T06,UP,Pattom,11:30,Mon-Sun
TVM-MCH-ORD,TVM-MCH-ORD-T06,UP,Medical College,11:40,Mon-Sun
TVM-MCH-ORD,TVM-MCH-ORD-T07,UP,East Fort,12:00,Mon-Sun
TVM-MCH-ORD,TVM-MCH-ORD-T07,UP,Statue,12:10,Mon-Sun
TVM-MCH-ORD,TVM-MCH-ORD-T07,UP,Palayam,12:20,Mon-Sun
TVM-MCH-ORD,TVM-MCH-ORD-T07,UP,Pattom,12:30,Mon-Sun
TVM-MCH-ORD,TVM-MCH-ORD-T07,UP,Medical College,12:40,Mon-Sun
TVM-MCH-ORD,TVM-MCH-ORD-T08,UP,East Fort,13:00,Mon-Sun
TVM-MCH-ORD,TVM-MCH-ORD-T08,UP,Statue,13:10,Mon-Sun
TVM-MCH-ORD,TVM-MCH-ORD-T08,UP,Palayam,13:20,Mon-Sun
TVM-MCH-ORD,TVM-MCH-ORD-T08,UP,Pattom,13:30,Mon-Sun
TVM-MCH-ORD,TVM-MCH-ORD-T08,UP,Medical College,13:40,Mon-Sun
TVM-MCH-ORD,TVM-MCH-ORD-T09,UP,East Fort,14:00,Mon-Sun
TVM-MCH-ORD,TVM-MCH-ORD-T09,UP,Statue,14:10,Mon-Sun
TVM-MCH-ORD,TVM-MCH-ORD-T09,UP,Palayam,14:20,Mon-Sun
TVM-MCH-ORD,TVM-MCH-ORD-T09,UP,Pattom,14:30,Mon-Sun
TVM-MCH-ORD,TVM-MCH-ORD-T09,UP,Medical College,14:40,Mon-Sun
TVM-MCH-ORD,TVM-MCH-ORD-T10,UP,East Fort,15:00,Mon-Sun
TVM-MCH-ORD,TVM-MCH-ORD-T10,UP,Statue,15:10,Mon-Sun
TVM-MCH-ORD,TVM-MCH-ORD-T10,UP,Palayam,15:20,Mon-Sun
TVM-MCH-ORD,TVM-MCH-ORD-T10,UP,Pattom,15:30,Mon-Sun
TVM-MCH-ORD,TVM-MCH-ORD-T10,UP,Medical College,15:40,Mon-Sun
TVM-MCH-ORD,TVM-MCH-ORD-T11,UP,East Fort,16:00,Mon-Sun
TVM-MCH-ORD,TVM-MCH-ORD-T11,UP,Statue,16:10,Mon-Sun
TVM-MCH-ORD,TVM-MCH-ORD-T11,UP,Palayam,16:20,Mon-Sun
TVM-MCH-ORD,TVM-MCH-ORD-T11,UP,Pattom,16:30,Mon-Sun
TVM-MCH-ORD,TVM-MCH-ORD-T11,UP,Medical College,16:40,Mon-Sun
TVM-MCH-ORD,TVM-MCH-ORD-T12,UP,East Fort,17:00,Mon-Sun
TVM-MCH-ORD,TVM-MCH-ORD-T12,UP,Statue,17:10,Mon-Sun
TVM-MCH-ORD,TVM-MCH-ORD-T12,UP,Palayam,17:20,Mon-Sun
TVM-MCH-ORD,TVM-MCH-ORD-T12,UP,Pattom,17:30,Mon-Sun
TVM-MCH-ORD,TVM-MCH-ORD-T12,UP,Medical College,17:40,Mon-Sun
TVM-MCH-ORD,TVM-MCH-ORD-T13,UP,East Fort,18:00,Mon-Sun
TVM-MCH-ORD,TVM-MCH-ORD-T13,UP,Statue,18:10,Mon-Sun
TVM-MCH-ORD,TVM-MCH-ORD-T13,UP,Palayam,18:20,Mon-Sun
TVM-MCH-ORD,TVM-MCH-ORD-T13,UP,Pattom,18:30,Mon-Sun
TVM-MCH-ORD,TVM-MCH-ORD-T13,UP,Medical College,18:40,Mon-Sun
TVM-MCH-ORD,TVM-MCH-ORD-T14,UP,East Fort,19:00,Mon-Sun
TVM-MCH-ORD,TVM-MCH-ORD-T14,UP,Statue,19:10,Mon-Sun
TVM-MCH-ORD,TVM-MCH-ORD-T14,UP,Palayam,19:20,Mon-Sun
TVM-MCH-ORD,TVM-MCH-ORD-T14,UP,Pattom,19:30,Mon-Sun
TVM-MCH-ORD,TVM-MCH-ORD-T14,UP,Medical College,19:40,Mon-Sun
TVM-MCH-ORD,TVM-MCH-ORD-T15,UP,East Fort,20:00,Mon-Sun
TVM-MCH-ORD,TVM-MCH-ORD-T15,UP,Statue,20:10,Mon-Sun
TVM-MCH-ORD,TVM-MCH-ORD-T15,UP,Palayam,20:20,Mon-Sun
TVM-MCH-ORD,TVM-MCH-ORD-T15,UP,Pattom,20:30,Mon-Sun
TVM-MCH-ORD,TVM-MCH-ORD-T15,UP,Medical College,20:40,Mon-Sun
TVM-MCH-ORD,TVM-MCH-ORD-T16,UP,East Fort,21:00,Mon-Sun
TVM-MCH-ORD,TVM-MCH-ORD-T16,UP,Statue,21:10,Mon-Sun
TVM-MCH-ORD,TVM-MCH-ORD-T16,UP,Palayam,21:20,Mon-Sun
TVM-MCH-ORD,TVM-MCH-ORD-T16,UP,Pattom,21:30,Mon-Sun
TVM-MCH-ORD,TVM-MCH-ORD-T16,UP,Medical College,21:40,Mon-Sun
TVM-CIR-BLU,TVM-CIR-BLU-T01,UP,East Fort,06:00,Mon-Sun
TVM-CIR-BLU,TVM-CIR-BLU-T01,UP,Thampanoor,06:10,Mon-Sun
TVM-CIR-BLU,TVM-CIR-BLU-T01,UP,Vazhuthacaud,06:20,Mon-Sun
TVM-CIR-BLU,TVM-CIR-BLU-T01,UP,Vellayambalam,06:30,Mon-Sun
TVM-CIR-BLU,TVM-CIR-BLU-T01,UP,Pattom,06:40,Mon-Sun
TVM-CIR-BLU,TVM-CIR-BLU-T01,UP,Palayam,06:50,Mon-Sun
TVM-CIR-BLU,TVM-CIR-BLU-T01,UP,East Fort,07:00,Mon-Sun
TVM-CIR-BLU,TVM-CIR-BLU-T02,UP,East Fort,07:00,Mon-Sun
TVM-CIR-BLU,TVM-CIR-BLU-T02,UP,Thampanoor,07:10,Mon-Sun
TVM-CIR-BLU,TVM-CIR-BLU-T02,UP,Vazhuthacaud,07:20,Mon-Sun
TVM-CIR-BLU,TVM-CIR-BLU-T02,UP,Vellayambalam,07:30,Mon-Sun
TVM-CIR-BLU,TVM-CIR-BLU-T02,UP,Pattom,07:40,Mon-Sun
TVM-CIR-BLU,TVM-CIR-BLU-T02,UP,Palayam,07:50,Mon-Sun
TVM-CIR-BLU,TVM-CIR-BLU-T02,UP,East Fort,08:00,Mon-Sun
TVM-CIR-BLU,TVM-CIR-BLU-T03,UP,East Fort,08:00,Mon-Sun
TVM-CIR-BLU,TVM-CIR-BLU-T03,UP,Thampanoor,08:10,Mon-Sun
TVM-CIR-BLU,TVM-CIR-BLU-T03,UP,Vazhuthacaud,08:20,Mon-Sun
TVM-CIR-BLU,TVM-CIR-BLU-T03,UP,Vellayambalam,08:30,Mon-Sun
TVM-CIR-BLU,TVM-CIR-BLU-T03,UP,Pattom,08:40,Mon-Sun
TVM-CIR-BLU,TVM-CIR-BLU-T03,UP,Palayam,08:50,Mon-Sun
TVM-CIR-BLU,TVM-CIR-BLU-T03,UP,East Fort,09:00,Mon-Sun
TVM-CIR-BLU,TVM-CIR-BLU-T04,UP,East Fort,09:00,Mon-Sun
TVM-CIR-BLU,TVM-CIR-BLU-T04,UP,Thampanoor,09:10,Mon-Sun
TVM-CIR-BLU,TVM-CIR-BLU-T04,UP,Vazhuthacaud,09:20,Mon-Sun
TVM-CIR-BLU,TVM-CIR-BLU-T04,UP,Vellayambalam,09:30,Mon-Sun
TVM-CIR-BLU,TVM-CIR-BLU-T04,UP,Pattom,09:40,Mon-Sun
TVM-CIR-BLU,TVM-CIR-BLU-T04,UP,Palayam,09:50,Mon-Sun
TVM-CIR-BLU,TVM-CIR-BLU-T04,UP,East Fort,10:00,Mon-Sun
TVM-CIR-BLU,TVM-CIR-BLU-T05,UP,East Fort,10:00,Mon-Sun
TVM-CIR-BLU,TVM-CIR-BLU-T05,UP,Thampanoor,10:10,Mon-Sun
TVM-CIR-BLU,TVM-CIR-BLU-T05,UP,Vazhuthacaud,10:20,Mon-Sun
TVM-CIR-BLU,TVM-CIR-BLU-T05,UP,Vellayambalam,10:30,Mon-Sun
TVM-CIR-BLU,TVM-CIR-BLU-T05,UP,Pattom,10:40,Mon-Sun
TVM-CIR-BLU,TVM-CIR-BLU-T05,UP,Palayam,10:50,Mon-Sun
TVM-CIR-BLU,TVM-CIR-BLU-T05,UP,East Fort,11:00,Mon-Sun
TVM-CIR-BLU,TVM-CIR-BLU-T06,UP,East Fort,11:00,Mon-Sun
TVM-CIR-BLU,TVM-CIR-BLU-T06,UP,Thampanoor,11:10,Mon-Sun
TVM-CIR-BLU,TVM-CIR-BLU-T06,UP,Vazhuthacaud,11:20,Mon-Sun
TVM-CIR-BLU,TVM-CIR-BLU-T06,UP,Vellayambalam,11:30,Mon-Sun
TVM-CIR-BLU,TVM-CIR-BLU-T06,UP,Pattom,11:40,Mon-Sun
TVM-CIR-BLU,TVM-CIR-BLU-T06,UP,Palayam,11:50,Mon-Sun
TVM-CIR-BLU,TVM-CIR-BLU-T06,UP,East Fort,12:00,Mon-Sun
TVM-CIR-BLU,TVM-CIR-BLU-T07,UP,East Fort,12:00,Mon-Sun
TVM-CIR-BLU,TVM-CIR-BLU-T07,UP,Thampanoor,12:10,Mon-Sun
TVM-CIR-BLU,TVM-CIR-BLU-T07,UP,Vazhuthacaud,12:20,Mon-Sun
TVM-CIR-BLU,TVM-CIR-BLU-T07,UP,Vellayambalam,12:30,Mon-Sun
TVM-CIR-BLU,TVM-CIR-BLU-T07,UP,Pattom,12:40,Mon-Sun
TVM-CIR-BLU,TVM-CIR-BLU-T07,UP,Palayam,12:50,Mon-Sun
TVM-CIR-BLU,TVM-CIR-BLU-T07,UP,East Fort,13:00,Mon-Sun
TVM-CIR-BLU,TVM-CIR-BLU-T08,UP,East Fort,13:00,Mon-Sun
TVM-CIR-BLU,TVM-CIR-BLU-T08,UP,Thampanoor,13:10,Mon-Sun
TVM-CIR-BLU,TVM-CIR-BLU-T08,UP,Vazhuthacaud,13:20,Mon-Sun
TVM-CIR-BLU,TVM-CIR-BLU-T08,UP,Vellayambalam,13:30,Mon-Sun
TVM-CIR-BLU,TVM-CIR-BLU-T08,UP,Pattom,13:40,Mon-Sun
TVM-CIR-BLU,TVM-CIR-BLU-T08,UP,Palayam,13:50,Mon-Sun
TVM-CIR-BLU,TVM-CIR-BLU-T08,UP,East Fort,14:00,Mon-Sun
TVM-CIR-BLU,TVM-CIR-BLU-T09,UP,East Fort,14:00,Mon-Sun
TVM-CIR-BLU,TVM-CIR-BLU-T09,UP,Thampanoor,14:10,Mon-Sun
TVM-CIR-BLU,TVM-CIR-BLU-T09,UP,Vazhuthacaud,14:20,Mon-Sun
TVM-CIR-BLU,TVM-CIR-BLU-T09,UP,Vellayambalam,14:30,Mon-Sun
TVM-CIR-BLU,TVM-CIR-BLU-T09,UP,Pattom,14:40,Mon-Sun
TVM-CIR-BLU,TVM-CIR-BLU-T09,UP,Palayam,14:50,Mon-Sun
TVM-CIR-BLU,TVM-CIR-BLU-T09,UP,East Fort,15:00,Mon-Sun
TVM-CIR-BLU,TVM-CIR-BLU-T10,UP,East Fort,15:00,Mon-Sun
TVM-CIR-BLU,TVM-CIR-BLU-T10,UP,Thampanoor,15:10,Mon-Sun
TVM-CIR-BLU,TVM-CIR-BLU-T10,UP,Vazhuthacaud,15:20,Mon-Sun
TVM-CIR-BLU,TVM-CIR-BLU-T10,UP,Vellayambalam,15:30,Mon-Sun
TVM-CIR-BLU,TVM-CIR-BLU-T10,UP,Pattom,15:40,Mon-Sun
TVM-CIR-BLU,TVM-CIR-BLU-T10,UP,Palayam,15:50,Mon-Sun
TVM-CIR-BLU,TVM-CIR-BLU-T10,UP,East Fort,16:00,Mon-Sun
TVM-CIR-BLU,TVM-CIR-BLU-T11,UP,East Fort,16:00,Mon-Sun
TVM-CIR-BLU,TVM-CIR-BLU-T11,UP,Thampanoor,16:10,Mon-Sun
TVM-CIR-BLU,TVM-CIR-BLU-T11,UP,Vazhuthacaud,16:20,Mon-Sun
TVM-CIR-BLU,TVM-CIR-BLU-T11,UP,Vellayambalam,16:30,Mon-Sun
TVM-CIR-BLU,TVM-CIR-BLU-T11,UP,Pattom,16:40,Mon-Sun
TVM-CIR-BLU,TVM-CIR-BLU-T11,UP,Palayam,16:50,Mon-Sun
TVM-CIR-BLU,TVM-CIR-BLU-T11,UP,East Fort,17:00,Mon-Sun
TVM-CIR-BLU,TVM-CIR-BLU-T12,UP,East Fort,17:00,Mon-Sun
TVM-CIR-BLU,TVM-CIR-BLU-T12,UP,Thampanoor,17:10,Mon-Sun
TVM-CIR-BLU,TVM-CIR-BLU-T12,UP,Vazhuthacaud,17:20,Mon-Sun
TVM-CIR-BLU,TVM-CIR-BLU-T12,UP,Vellayambalam,17:30,Mon-Sun
TVM-CIR-BLU,TVM-CIR-BLU-T12,UP,Pattom,17:40,Mon-Sun
TVM-CIR-BLU,TVM-CIR-BLU-T12,UP,Palayam,17:50,Mon-Sun
TVM-CIR-BLU,TVM-CIR-BLU-T12,UP,East Fort,18:00,Mon-Sun
TVM-CIR-BLU,TVM-CIR-BLU-T13,UP,East Fort,18:00,Mon-Sun
TVM-CIR-BLU,TVM-CIR-BLU-T13,UP,Thampanoor,18:10,Mon-Sun
TVM-CIR-BLU,TVM-CIR-BLU-T13,UP,Vazhuthacaud,18:20,Mon-Sun
TVM-CIR-BLU,TVM-CIR-BLU-T13,UP,Vellayambalam,18:30,Mon-Sun
TVM-CIR-BLU,TVM-CIR-BLU-T13,UP,Pattom,18:40,Mon-Sun
TVM-CIR-BLU,TVM-CIR-BLU-T13,UP,Palayam,18:50,Mon-Sun
TVM-CIR-BLU,TVM-CIR-BLU-T13,UP,East Fort,19:00,Mon-Sun
TVM-CIR-BLU,TVM-CIR-BLU-T14,UP,East Fort,19:00,Mon-Sun
TVM-CIR-BLU,TVM-CIR-BLU-T14,UP,Thampanoor,19:10,Mon-Sun
TVM-CIR-BLU,TVM-CIR-BLU-T14,UP,Vazhuthacaud,19:20,Mon-Sun
TVM-CIR-BLU,TVM-CIR-BLU-T14,UP,Vellayambalam,19:30,Mon-Sun
TVM-CIR-BLU,TVM-CIR-BLU-T14,UP,Pattom,19:40,Mon-Sun
TVM-CIR-BLU,TVM-CIR-BLU-T14,UP,Palayam,19:50,Mon-Sun
TVM-CIR-BLU,TVM-CIR-BLU-T14,UP,East Fort,20:00,Mon-Sun
TVM-CIR-BLU,TVM-CIR-BLU-T15,UP,East Fort,20:00,Mon-Sun
TVM-CIR-BLU,TVM-CIR-BLU-T15,UP,Thampanoor,20:10,Mon-Sun
TVM-CIR-BLU,TVM-CIR-BLU-T15,UP,Vazhuthacaud,20:20,Mon-Sun
TVM-CIR-BLU,TVM-CIR-BLU-T15,UP,Vellayambalam,20:30,Mon-Sun
TVM-CIR-BLU,TVM-CIR-BLU-T15,UP,Pattom,20:40,Mon-Sun
TVM-CIR-BLU,TVM-CIR-BLU-T15,UP,Palayam,20:50,Mon-Sun
TVM-CIR-BLU,TVM-CIR-BLU-T15,UP,East Fort,21:00,Mon-Sun
TVM-CIR-BLU,TVM-CIR-BLU-T16,UP,East Fort,21:00,Mon-Sun
TVM-CIR-BLU,TVM-CIR-BLU-T16,UP,Thampanoor,21:10,Mon-Sun
TVM-CIR-BLU,TVM-CIR-BLU-T16,UP,Vazhuthacaud,21:20,Mon-Sun
TVM-CIR-BLU,TVM-CIR-BLU-T16,UP,Vellayambalam,21:30,Mon-Sun
TVM-CIR-BLU,TVM-CIR-BLU-T16,UP,Pattom,21:40,Mon-Sun
TVM-CIR-BLU,TVM-CIR-BLU-T16,UP,Palayam,21:50,Mon-Sun
TVM-CIR-BLU,TVM-CIR-BLU-T16,UP,East Fort,22:00,Mon-Sun
TVM-NYK-ORD,TVM-NYK-ORD-T01,UP,Thampanoor,06:00,Mon-Sun
TVM-NYK-ORD,TVM-NYK-ORD-T01,UP,Karamana,06:06,Mon-Sun
TVM-NYK-ORD,TVM-NYK-ORD-T01,UP,Pappanamcode,06:12,Mon-Sun
TVM-NYK-ORD,TVM-NYK-ORD-T01,UP,Balaramapuram,06:18,Mon-Sun
TVM-NYK-ORD,TVM-NYK-ORD-T01,UP,Neyyattinkara,06:24,Mon-Sun
TVM-NYK-ORD,TVM-NYK-ORD-T02,UP,Thampanoor,07:00,Mon-Sun
TVM-NYK-ORD,TVM-NYK-ORD-T02,UP,Karamana,07:06,Mon-Sun
TVM-NYK-ORD,TVM-NYK-ORD-T02,UP,Pappanamcode,07:12,Mon-Sun
TVM-NYK-ORD,TVM-NYK-ORD-T02,UP,Balaramapuram,07:18,Mon-Sun
TVM-NYK-ORD,TVM-NYK-ORD-T02,UP,Neyyattinkara,07:24,Mon-Sun
TVM-NYK-ORD,TVM-NYK-ORD-T03,UP,Thampanoor,08:00,Mon-Sun
TVM-NYK-ORD,TVM-NYK-ORD-T03,UP,Karamana,08:06,Mon-Sun
TVM-NYK-ORD,TVM-NYK-ORD-T03,UP,Pappanamcode,08:12,Mon-Sun
TVM-NYK-ORD,TVM-NYK-ORD-T03,UP,Balaramapuram,08:18,Mon-Sun
TVM-NYK-ORD,TVM-NYK-ORD-T03,UP,Neyyattinkara,08:24,Mon-Sun
TVM-NYK-ORD,TVM-NYK-ORD-T04,UP,Thampanoor,09:00,Mon-Sun
TVM-NYK-ORD,TVM-NYK-ORD-T04,UP,Karamana,09:06,Mon-Sun
TVM-NYK-ORD,TVM-NYK-ORD-T04,UP,Pappanamcode,09:12,Mon-Sun
TVM-NYK-ORD,TVM-NYK-ORD-T04,UP,Balaramapuram,09:18,Mon-Sun
TVM-NYK-ORD,TVM-NYK-ORD-T04,UP,Neyyattinkara,09:24,Mon-Sun
TVM-NYK-ORD,TVM-NYK-ORD-T05,UP,Thampanoor,10:00,Mon-Sun
TVM-NYK-ORD,TVM-NYK-ORD-T05,UP,Karamana,10:06,Mon-Sun
TVM-NYK-ORD,TVM-NYK-ORD-T05,UP,Pappanamcode,10:12,Mon-Sun
TVM-NYK-ORD,TVM-NYK-ORD-T05,UP,Balaramapuram,10:18,Mon-Sun
TVM-NYK-ORD,TVM-NYK-ORD-T05,UP,Neyyattinkara,10:24,Mon-Sun
TVM-NYK-ORD,TVM-NYK-ORD-T06,UP,Thampanoor,11:00,Mon-Sun
TVM-NYK-ORD,TVM-NYK-ORD-T06,UP,Karamana,11:06,Mon-Sun
TVM-NYK-ORD,TVM-NYK-ORD-T06,UP,Pappanamcode,11:12,Mon-Sun
TVM-NYK-ORD,TVM-NYK-ORD-T06,UP,Balaramapuram,11:18,Mon-Sun
TVM-NYK-ORD,TVM-NYK-ORD-T06,UP,Neyyattinkara,11:24,Mon-Sun
TVM-NYK-ORD,TVM-NYK-ORD-T07,UP,Thampanoor,12:00,Mon-Sun
TVM-NYK-ORD,TVM-NYK-ORD-T07,UP,Karamana,12:06,Mon-Sun
TVM-NYK-ORD,TVM-NYK-ORD-T07,UP,Pappanamcode,12:12,Mon-Sun
TVM-NYK-ORD,TVM-NYK-ORD-T07,UP,Balaramapuram,12:18,Mon-Sun
TVM-NYK-ORD,TVM-NYK-ORD-T07,UP,Neyyattinkara,12:24,Mon-Sun
TVM-NYK-ORD,TVM-NYK-ORD-T08,UP,Thampanoor,13:00,Mon-Sun
TVM-NYK-ORD,TVM-NYK-ORD-T08,UP,Karamana,13:06,Mon-Sun
TVM-NYK-ORD,TVM-NYK-ORD-T08,UP,Pappanamcode,13:12,Mon-Sun
TVM-NYK-ORD,TVM-NYK-ORD-T08,UP,Balaramapuram,13:18,Mon-Sun
TVM-NYK-ORD,TVM-NYK-ORD-T08,UP,Neyyattinkara,13:24,Mon-Sun
TVM-NYK-ORD,TVM-NYK-ORD-T09,UP,Thampanoor,14:00,Mon-Sun
TVM-NYK-ORD,TVM-NYK-ORD-T09,UP,Karamana,14:06,Mon-Sun
TVM-NYK-ORD,TVM-NYK-ORD-T09,UP,Pappanamcode,14:12,Mon-Sun
TVM-NYK-ORD,TVM-NYK-ORD-T09,UP,Balaramapuram,14:18,Mon-Sun
TVM-NYK-ORD,TVM-NYK-ORD-T09,UP,Neyyattinkara,14:24,Mon-Sun
TVM-NYK-ORD,TVM-NYK-ORD-T10,UP,Thampanoor,15:00,Mon-Sun
TVM-NYK-ORD,TVM-NYK-ORD-T10,UP,Karamana,15:06,Mon-Sun
TVM-NYK-ORD,TVM-NYK-ORD-T10,UP,Pappanamcode,15:12,Mon-Sun
TVM-NYK-ORD,TVM-NYK-ORD-T10,UP,Balaramapuram,15:18,Mon-Sun
TVM-NYK-ORD,TVM-NYK-ORD-T10,UP,Neyyattinkara,15:24,Mon-Sun
TVM-NYK-ORD,TVM-NYK-ORD-T11,UP,Thampanoor,16:00,Mon-Sun
TVM-NYK-ORD,TVM-NYK-ORD-T11,UP,Karamana,16:06,Mon-Sun
TVM-NYK-ORD,TVM-NYK-ORD-T11,UP,Pappanamcode,16:12,Mon-Sun
TVM-NYK-ORD,TVM-NYK-ORD-T11,UP,Balaramapuram,16:18,Mon-Sun
TVM-NYK-ORD,TVM-NYK-ORD-T11,UP,Neyyattinkara,16:24,Mon-Sun
TVM-NYK-ORD,TVM-NYK-ORD-T12,UP,Thampanoor,17:00,Mon-Sun
TVM-NYK-ORD,TVM-NYK-ORD-T12,UP,Karamana,17:06,Mon-Sun
TVM-NYK-ORD,TVM-NYK-ORD-T12,UP,Pappanamcode,17:12,Mon-Sun
TVM-NYK-ORD,TVM-NYK-ORD-T12,UP,Balaramapuram,17:18,Mon-Sun
TVM-NYK-ORD,TVM-NYK-ORD-T12,UP,Neyyattinkara,17:24,Mon-Sun
TVM-NYK-ORD,TVM-NYK-ORD-T13,UP,Thampanoor,18:00,Mon-Sun
TVM-NYK-ORD,TVM-NYK-ORD-T13,UP,Karamana,18:06,Mon-Sun
TVM-NYK-ORD,TVM-NYK-ORD-T13,UP,Pappanamcode,18:12,Mon-Sun
TVM-NYK-ORD,TVM-NYK-ORD-T13,UP,Balaramapuram,18:18,Mon-Sun
TVM-NYK-ORD,TVM-NYK-ORD-T13,UP,Neyyattinkara,18:24,Mon-Sun
TVM-NYK-ORD,TVM-NYK-ORD-T14,UP,Thampanoor,19:00,Mon-Sun
TVM-NYK-ORD,TVM-NYK-ORD-T14,UP,Karamana,19:06,Mon-Sun
TVM-NYK-ORD,TVM-NYK-ORD-T14,UP,Pappanamcode,19:12,Mon-Sun
TVM-NYK-ORD,TVM-NYK-ORD-T14,UP,Balaramapuram,19:18,Mon-Sun
TVM-NYK-ORD,TVM-NYK-ORD-T14,UP,Neyyattinkara,19:24,Mon-Sun
TVM-NYK-ORD,TVM-NYK-ORD-T15,UP,Thampanoor,20:00,Mon-Sun
TVM-NYK-ORD,TVM-NYK-ORD-T15,UP,Karamana,20:06,Mon-Sun
TVM-NYK-ORD,TVM-NYK-ORD-T15,UP,Pappanamcode,20:12,Mon-Sun
TVM-NYK-ORD,TVM-NYK-ORD-T15,UP,Balaramapuram,20:18,Mon-Sun
TVM-NYK-ORD,TVM-NYK-ORD-T15,UP,Neyyattinkara,20:24,Mon-Sun
TVM-NYK-ORD,TVM-NYK-ORD-T16,UP,Thampanoor,21:00,Mon-Sun
TVM-NYK-ORD,TVM-NYK-ORD-T16,UP,Karamana,21:06,Mon-Sun
TVM-NYK-ORD,TVM-NYK-ORD-T16,UP,Pappanamcode,21:12,Mon-Sun
TVM-NYK-ORD,TVM-NYK-ORD-T16,UP,Balaramapuram,21:18,Mon-Sun
TVM-NYK-ORD,TVM-NYK-ORD-T16,UP,Neyyattinkara,21:24,Mon-Sun
KLM-KNP-ORD,KLM-KNP-ORD-T01,UP,Kollam,06:00,Mon-Sun
KLM-KNP-ORD,KLM-KNP-ORD-T01,UP,Kavanad,06:10,Mon-Sun
KLM-KNP-ORD,KLM-KNP-ORD-T01,UP,Neendakara,06:20,Mon-Sun
KLM-KNP-ORD,KLM-KNP-ORD-T01,UP,Chavara,06:30,Mon-Sun
KLM-KNP-ORD,KLM-KNP-ORD-T01,UP,Karunagappally,06:40,Mon-Sun
KLM-KNP-ORD,KLM-KNP-ORD-T02,UP,Kollam,06:30,Mon-Sun
KLM-KNP-ORD,KLM-KNP-ORD-T02,UP,Kavanad,06:40,Mon-Sun
KLM-KNP-ORD,KLM-KNP-ORD-T02,UP,Neendakara,06:50,Mon-Sun
KLM-KNP-ORD,KLM-KNP-ORD-T02,UP,Chavara,07:00,Mon-Sun
KLM-KNP-ORD,KLM-KNP-ORD-T02,UP,Karunagappally,07:10,Mon-Sun
KLM-KNP-ORD,KLM-KNP-ORD-T03,UP,Kollam,07:00,Mon-Sun
KLM-KNP-ORD,KLM-KNP-ORD-T03,UP,Kavanad,07:10,Mon-Sun
KLM-KNP-ORD,KLM-KNP-ORD-T03,UP,Neendakara,07:20,Mon-Sun
KLM-KNP-ORD,KLM-KNP-ORD-T03,UP,Chavara,07:30,Mon-Sun
KLM-KNP-ORD,KLM-KNP-ORD-T03,UP,Karunagappally,07:40,Mon-Sun
KLM-KNP-ORD,KLM-KNP-ORD-T04,UP,Kollam,07:30,Mon-Sun
KLM-KNP-ORD,KLM-KNP-ORD-T04,UP,Kavanad,07:40,Mon-Sun
KLM-KNP-ORD,KLM-KNP-ORD-T04,UP,Neendakara,07:50,Mon-Sun
KLM-KNP-ORD,KLM-KNP-ORD-T04,UP,Chavara,08:00,Mon-Sun
KLM-KNP-ORD,KLM-KNP-ORD-T04,UP,Karunagappally,08:10,Mon-Sun
KLM-KNP-ORD,KLM-KNP-ORD-T05,UP,Kollam,08:00,Mon-Sun
KLM-KNP-ORD,KLM-KNP-ORD-T05,UP,Kavanad,08:10,Mon-Sun
KLM-KNP-ORD,KLM-KNP-ORD-T05,UP,Neendakara,08:20,Mon-Sun
KLM-KNP-ORD,KLM-KNP-ORD-T05,UP,Chavara,08:30,Mon-Sun
KLM-KNP-ORD,KLM-KNP-ORD-T05,UP,Karunagappally,08:40,Mon-Sun
KLM-KNP-ORD,KLM-KNP-ORD-T06,UP,Kollam,08:30,Mon-Sun
KLM-KNP-ORD,KLM-KNP-ORD-T06,UP,Kavanad,08:40,Mon-Sun
KLM-KNP-ORD,KLM-KNP-ORD-T06,UP,Neendakara,08:50,Mon-Sun
KLM-KNP-ORD,KLM-KNP-ORD-T06,UP,Chavara,09:00,Mon-Sun
KLM-KNP-ORD,KLM-KNP-ORD-T06,UP,Karunagappally,09:10,Mon-Sun
KLM-KNP-ORD,KLM-KNP-ORD-T07,UP,Kollam,09:00,Mon-Sun
KLM-KNP-ORD,KLM-KNP-ORD-T07,UP,Kavanad,09:10,Mon-Sun
KLM-KNP-ORD,KLM-KNP-ORD-T07,UP,Neendakara,09:20,Mon-Sun
KLM-KNP-ORD,KLM-KNP-ORD-T07,UP,Chavara,09:30,Mon-Sun
KLM-KNP-ORD,KLM-KNP-ORD-T07,UP,Karunagappally,09:40,Mon-Sun
KLM-KNP-ORD,KLM-KNP-ORD-T08,UP,Kollam,09:30,Mon-Sun
KLM-KNP-ORD,KLM-KNP-ORD-T08,UP,Kavanad,09:40,Mon-Sun
KLM-KNP-ORD,KLM-KNP-ORD-T08,UP,Neendakara,09:50,Mon-Sun
KLM-KNP-ORD,KLM-KNP-ORD-T08,UP,Chavara,10:00,Mon-Sun
KLM-KNP-ORD,KLM-KNP-ORD-T08,UP,Karunagappally,10:10,Mon-Sun
KLM-KNP-ORD,KLM-KNP-ORD-T09,UP,Kollam,10:00,Mon-Sun
KLM-KNP-ORD,KLM-KNP-ORD-T09,UP,Kavanad,10:10,Mon-Sun
KLM-KNP-ORD,KLM-KNP-ORD-T09,UP,Neendakara,10:20,Mon-Sun
KLM-KNP-ORD,KLM-KNP-ORD-T09,UP,Chavara,10:30,Mon-Sun
KLM-KNP-ORD,KLM-KNP-ORD-T09,UP,Karunagappally,10:40,Mon-Sun
KLM-KNP-ORD,KLM-KNP-ORD-T10,UP,Kollam,10:30,Mon-Sun
KLM-KNP-ORD,KLM-KNP-ORD-T10,UP,Kavanad,10:40,Mon-Sun
KLM-KNP-ORD,KLM-KNP-ORD-T10,UP,Neendakara,10:50,Mon-Sun
KLM-KNP-ORD,KLM-KNP-ORD-T10,UP,Chavara,11:00,Mon-Sun
KLM-KNP-ORD,KLM-KNP-ORD-T10,UP,Karunagappally,11:10,Mon-Sun
KLM-KNP-ORD,KLM-KNP-ORD-T11,UP,Kollam,11:00,Mon-Sun
KLM-KNP-ORD,KLM-KNP-ORD-T11,UP,Kavanad,11:10,Mon-Sun
KLM-KNP-ORD,KLM-KNP-ORD-T11,UP,Neendakara,11:20,Mon-Sun
KLM-KNP-ORD,KLM-KNP-ORD-T11,UP,Chavara,11:30,Mon-Sun
KLM-KNP-ORD,KLM-KNP-ORD-T11,UP,Karunagappally,11:40,Mon-Sun
KLM-KNP-ORD,KLM-KNP-ORD-T12,UP,Kollam,11:30,Mon-Sun
KLM-KNP-ORD,KLM-KNP-ORD-T12,UP,Kavanad,11:40,Mon-Sun
KLM-KNP-ORD,KLM-KNP-ORD-T12,UP,Neendakara,11:50,Mon-Sun
KLM-KNP-ORD,KLM-KNP-ORD-T12,UP,Chavara,12:00,Mon-Sun
KLM-KNP-ORD,KLM-KNP-ORD-T12,UP,Karunagappally,12:10,Mon-Sun
KLM-KNP-ORD,KLM-KNP-ORD-T13,UP,Kollam,12:00,Mon-Sun
KLM-KNP-ORD,KLM-KNP-ORD-T13,UP,Kavanad,12:10,Mon-Sun
KLM-KNP-ORD,KLM-KNP-ORD-T13,UP,Neendakara,12:20,Mon-Sun
KLM-KNP-ORD,KLM-KNP-ORD-T13,UP,Chavara,12:30,Mon-Sun
KLM-KNP-ORD,KLM-KNP-ORD-T13,UP,Karunagappally,12:40,Mon-Sun
KLM-KNP-ORD,KLM-KNP-ORD-T14,UP,Kollam,12:30,Mon-Sun
KLM-KNP-ORD,KLM-KNP-ORD-T14,UP,Kavanad,12:40,Mon-Sun
KLM-KNP-ORD,KLM-KNP-ORD-T14,UP,Neendakara,12:50,Mon-Sun
KLM-KNP-ORD,KLM-KNP-ORD-T14,UP,Chavara,13:00,Mon-Sun
KLM-KNP-ORD,KLM-KNP-ORD-T14,UP,Karunagappally,13:10,Mon-Sun
KLM-KNP-ORD,KLM-KNP-ORD-T15,UP,Kollam,13:00,Mon-Sun
KLM-KNP-ORD,KLM-KNP-ORD-T15,UP,Kavanad,13:10,Mon-Sun
KLM-KNP-ORD,KLM-KNP-ORD-T15,UP,Neendakara,13:20,Mon-Sun
KLM-KNP-ORD,KLM-KNP-ORD-T15,UP,Chavara,13:30,Mon-Sun
KLM-KNP-ORD,KLM-KNP-ORD-T15,UP,Karunagappally,13:40,Mon-Sun
KLM-KNP-ORD,KLM-KNP-ORD-T16,UP,Kollam,13:30,Mon-Sun
KLM-KNP-ORD,KLM-KNP-ORD-T16,UP,Kavanad,13:40,Mon-Sun
KLM-KNP-ORD,KLM-KNP-ORD-T16,UP,Neendakara,13:50,Mon-Sun
KLM-KNP-ORD,KLM-KNP-ORD-T16,UP,Chavara,14:00,Mon-Sun
KLM-KNP-ORD,KLM-KNP-ORD-T16,UP,Karunagappally,14:10,Mon-Sun
KLM-KNP-ORD,KLM-KNP-ORD-T17,UP,Kollam,14:00,Mon-Sun
KLM-KNP-ORD,KLM-KNP-ORD-T17,UP,Kavanad,14:10,Mon-Sun
KLM-KNP-ORD,KLM-KNP-ORD-T17,UP,Neendakara,14:20,Mon-Sun
KLM-KNP-ORD,KLM-KNP-ORD-T17,UP,Chavara,14:30,Mon-Sun
KLM-KNP-ORD,KLM-KNP-ORD-T17,UP,Karunagappally,14:40,Mon-Sun
KLM-KNP-ORD,KLM-KNP-ORD-T18,UP,Kollam,14:30,Mon-Sun
KLM-KNP-ORD,KLM-KNP-ORD-T18,UP,Kavanad,14:40,Mon-Sun
KLM-KNP-ORD,KLM-KNP-ORD-T18,UP,Neendakara,14:50,Mon-Sun
KLM-KNP-ORD,KLM-KNP-ORD-T18,UP,Chavara,15:00,Mon-Sun
KLM-KNP-ORD,KLM-KNP-ORD-T18,UP,Karunagappally,15:10,Mon-Sun
KLM-KNP-ORD,KLM-KNP-ORD-T19,UP,Kollam,15:00,Mon-Sun
KLM-KNP-ORD,KLM-KNP-ORD-T19,UP,Kavanad,15:10,Mon-Sun
KLM-KNP-ORD,KLM-KNP-ORD-T19,UP,Neendakara,15:20,Mon-Sun
KLM-KNP-ORD,KLM-KNP-ORD-T19,UP,Chavara,15:30,Mon-Sun
KLM-KNP-ORD,KLM-KNP-ORD-T19,UP,Karunagappally,15:40,Mon-Sun
KLM-KNP-ORD,KLM-KNP-ORD-T20,UP,Kollam,15:30,Mon-Sun
KLM-KNP-ORD,KLM-KNP-ORD-T20,UP,Kavanad,15:40,Mon-Sun
KLM-KNP-ORD,KLM-KNP-ORD-T20,UP,Neendakara,15:50,Mon-Sun
KLM-KNP-ORD,KLM-KNP-ORD-T20,UP,Chavara,16:00,Mon-Sun
KLM-KNP-ORD,KLM-KNP-ORD-T20,UP,Karunagappally,16:10,Mon-Sun
KLM-KNP-ORD,KLM-KNP-ORD-T21,UP,Kollam,16:00,Mon-Sun
KLM-KNP-ORD,KLM-KNP-ORD-T21,UP,Kavanad,16:10,Mon-Sun
KLM-KNP-ORD,KLM-KNP-ORD-T21,UP,Neendakara,16:20,Mon-Sun
KLM-KNP-ORD,KLM-KNP-ORD-T21,UP,Chavara,16:30,Mon-Sun
KLM-KNP-ORD,KLM-KNP-ORD-T21,UP,Karunagappally,16:40,Mon-Sun
KLM-KNP-ORD,KLM-KNP-ORD-T22,UP,Kollam,16:30,Mon-Sun
KLM-KNP-ORD,KLM-KNP-ORD-T22,UP,Kavanad,16:40,Mon-Sun
KLM-KNP-ORD,KLM-KNP-ORD-T22,UP,Neendakara,16:50,Mon-Sun
KLM-KNP-ORD,KLM-KNP-ORD-T22,UP,Chavara,17:00,Mon-Sun
KLM-KNP-ORD,KLM-KNP-ORD-T22,UP,Karunagappally,17:10,Mon-Sun
KLM-KNP-ORD,KLM-KNP-ORD-T23,UP,Kollam,17:00,Mon-Sun
KLM-KNP-ORD,KLM-KNP-ORD-T23,UP,Kavanad,17:10,Mon-Sun
KLM-KNP-ORD,KLM-KNP-ORD-T23,UP,Neendakara,17:20,Mon-Sun
KLM-KNP-ORD,KLM-KNP-ORD-T23,UP,Chavara,17:30,Mon-Sun
KLM-KNP-ORD,KLM-KNP-ORD-T23,UP,Karunagappally,17:40,Mon-Sun
KLM-KNP-ORD,KLM-KNP-ORD-T24,UP,Kollam,17:30,Mon-Sun
KLM-KNP-ORD,KLM-KNP-ORD-T24,UP,Kavanad,17:40,Mon-Sun
KLM-KNP-ORD,KLM-KNP-ORD-T24,UP,Neendakara,17:50,Mon-Sun
KLM-KNP-ORD,KLM-KNP-ORD-T24,UP,Chavara,18:00,Mon-Sun
KLM-KNP-ORD,KLM-KNP-ORD-T24,UP,Karunagappally,18:10,Mon-Sun
KLM-KNP-ORD,KLM-KNP-ORD-T25,UP,Kollam,18:00,Mon-Sun
KLM-KNP-ORD,KLM-KNP-ORD-T25,UP,Kavanad,18:10,Mon-Sun
KLM-KNP-ORD,KLM-KNP-ORD-T25,UP,Neendakara,18:20,Mon-Sun
KLM-KNP-ORD,KLM-KNP-ORD-T25,UP,Chavara,18:30,Mon-Sun
KLM-KNP-ORD,KLM-KNP-ORD-T25,UP,Karunagappally,18:40,Mon-Sun
KLM-KNP-ORD,KLM-KNP-ORD-T26,UP,Kollam,18:30,Mon-Sun
KLM-KNP-ORD,KLM-KNP-ORD-T26,UP,Kavanad,18:40,Mon-Sun
KLM-KNP-ORD,KLM-KNP-ORD-T26,UP,Neendakara,18:50,Mon-Sun
KLM-KNP-ORD,KLM-KNP-ORD-T26,UP,Chavara,19:00,Mon-Sun
KLM-KNP-ORD,KLM-KNP-ORD-T26,UP,Karunagappally,19:10,Mon-Sun
KLM-KNP-ORD,KLM-KNP-ORD-T27,UP,Kollam,19:00,Mon-Sun
KLM-KNP-ORD,KLM-KNP-ORD-T27,UP,Kavanad,19:10,Mon-Sun
KLM-KNP-ORD,KLM-KNP-ORD-T27,UP,Neendakara,19:20,Mon-Sun
KLM-KNP-ORD,KLM-KNP-ORD-T27,UP,Chavara,19:30,Mon-Sun
KLM-KNP-ORD,KLM-KNP-ORD-T27,UP,Karunagappally,19:40,Mon-Sun
KLM-KNP-ORD,KLM-KNP-ORD-T28,UP,Kollam,19:30,Mon-Sun
KLM-KNP-ORD,KLM-KNP-ORD-T28,UP,Kavanad,19:40,Mon-Sun
KLM-KNP-ORD,KLM-KNP-ORD-T28,UP,Neendakara,19:50,Mon-Sun
KLM-KNP-ORD,KLM-KNP-ORD-T28,UP,Chavara,20:00,Mon-Sun
KLM-KNP-ORD,KLM-KNP-ORD-T28,UP,Karunagappally,20:10,Mon-Sun
KLM-KNP-ORD,KLM-KNP-ORD-T29,UP,Kollam,20:00,Mon-Sun
KLM-KNP-ORD,KLM-KNP-ORD-T29,UP,Kavanad,20:10,Mon-Sun
KLM-KNP-ORD,KLM-KNP-ORD-T29,UP,Neendakara,20:20,Mon-Sun
KLM-KNP-ORD,KLM-KNP-ORD-T29,UP,Chavara,20:30,Mon-Sun
KLM-KNP-ORD,KLM-KNP-ORD-T29,UP,Karunagappally,20:40,Mon-Sun
KLM-KNP-ORD,KLM-KNP-ORD-T30,UP,Kollam,20:30,Mon-Sun
KLM-KNP-ORD,KLM-KNP-ORD-T30,UP,Kavanad,20:40,Mon-Sun
KLM-KNP-ORD,KLM-KNP-ORD-T30,UP,Neendakara,20:50,Mon-Sun
KLM-KNP-ORD,KLM-KNP-ORD-T30,UP,Chavara,21:00,Mon-Sun
KLM-KNP-ORD,KLM-KNP-ORD-T30,UP,Karunagappally,21:10,Mon-Sun
KLM-KNP-ORD,KLM-KNP-ORD-T31,UP,Kollam,21:00,Mon-Sun
KLM-KNP-ORD,KLM-KNP-ORD-T31,UP,Kavanad,21:10,Mon-Sun
KLM-KNP-ORD,KLM-KNP-ORD-T31,UP,Neendakara,21:20,Mon-Sun
KLM-KNP-ORD,KLM-KNP-ORD-T31,UP,Chavara,21:30,Mon-Sun
KLM-KNP-ORD,KLM-KNP-ORD-T31,UP,Karunagappally,21:40,Mon-Sun
KLM-KTR-FP,KLM-KTR-FP-T01,UP,Kollam,06:00,Mon-Sun
KLM-KTR-FP,KLM-KTR-FP-T01,UP,Kadappakada,06:06,Mon-Sun
KLM-KTR-FP,KLM-KTR-FP-T01,UP,Kundara,06:12,Mon-Sun
KLM-KTR-FP,KLM-KTR-FP-T01,UP,Ezhukone,06:18,Mon-Sun
KLM-KTR-FP,KLM-KTR-FP-T01,UP,Kottarakkara,06:24,Mon-Sun
KLM-KTR-FP,KLM-KTR-FP-T02,UP,Kollam,06:30,Mon-Sun
KLM-KTR-FP,KLM-KTR-FP-T02,UP,Kadappakada,06:36,Mon-Sun
KLM-KTR-FP,KLM-KTR-FP-T02,UP,Kundara,06:42,Mon-Sun
KLM-KTR-FP,KLM-KTR-FP-T02,UP,Ezhukone,06:48,Mon-Sun
KLM-KTR-FP,KLM-KTR-FP-T02,UP,Kottarakkara,06:54,Mon-Sun
KLM-KTR-FP,KLM-KTR-FP-T03,UP,Kollam,07:00,Mon-Sun
KLM-KTR-FP,KLM-KTR-FP-T03,UP,Kadappakada,07:06,Mon-Sun
KLM-KTR-FP,KLM-KTR-FP-T03,UP,Kundara,07:12,Mon-Sun
KLM-KTR-FP,KLM-KTR-FP-T03,UP,Ezhukone,07:18,Mon-Sun
KLM-KTR-FP,KLM-KTR-FP-T03,UP,Kottarakkara,07:24,Mon-Sun
KLM-KTR-FP,KLM-KTR-FP-T04,UP,Kollam,07:30,Mon-Sun
KLM-KTR-FP,KLM-KTR-FP-T04,UP,Kadappakada,07:36,Mon-Sun
KLM-KTR-FP,KLM-KTR-FP-T04,UP,Kundara,07:42,Mon-Sun
KLM-KTR-FP,KLM-KTR-FP-T04,UP,Ezhukone,07:48,Mon-Sun
KLM-KTR-FP,KLM-KTR-FP-T04,UP,Kottarakkara,07:54,Mon-Sun
KLM-KTR-FP,KLM-KTR-FP-T05,UP,Kollam,08:00,Mon-Sun
KLM-KTR-FP,KLM-KTR-FP-T05,UP,Kadappakada,08:06,Mon-Sun
KLM-KTR-FP,KLM-KTR-FP-T05,UP,Kundara,08:12,Mon-Sun
KLM-KTR-FP,KLM-KTR-FP-T05,UP,Ezhukone,08:18,Mon-Sun
KLM-KTR-FP,KLM-KTR-FP-T05,UP,Kottarakkara,08:24,Mon-Sun
KLM-KTR-FP,KLM-KTR-FP-T06,UP,Kollam,08:30,Mon-Sun
KLM-KTR-FP,KLM-KTR-FP-T06,UP,Kadappakada,08:36,Mon-Sun
KLM-KTR-FP,KLM-KTR-FP-T06,UP,Kundara,08:42,Mon-Sun
KLM-KTR-FP,KLM-KTR-FP-T06,UP,Ezhukone,08:48,Mon-Sun
KLM-KTR-FP,KLM-KTR-FP-T06,UP,Kottarakkara,08:54,Mon-Sun
KLM-KTR-FP,KLM-KTR-FP-T07,UP,Kollam,09:00,Mon-Sun
KLM-KTR-FP,KLM-KTR-FP-T07,UP,Kadappakada,09:06,Mon-Sun
KLM-KTR-FP,KLM-KTR-FP-T07,UP,Kundara,09:12,Mon-Sun
KLM-KTR-FP,KLM-KTR-FP-T07,UP,Ezhukone,09:18,Mon-Sun
KLM-KTR-FP,KLM-KTR-FP-T07,UP,Kottarakkara,09:24,Mon-Sun
KLM-KTR-FP,KLM-KTR-FP-T08,UP,Kollam,09:30,Mon-Sun
KLM-KTR-FP,KLM-KTR-FP-T08,UP,Kadappakada,09:36,Mon-Sun
KLM-KTR-FP,KLM-KTR-FP-T08,UP,Kundara,09:42,Mon-Sun
KLM-KTR-FP,KLM-KTR-FP-T08,UP,Ezhukone,09:48,Mon-Sun
KLM-KTR-FP,KLM-KTR-FP-T08,UP,Kottarakkara,09:54,Mon-Sun
KLM-KTR-FP,KLM-KTR-FP-T09,UP,Kollam,10:00,Mon-Sun
KLM-KTR-FP,KLM-KTR-FP-T09,UP,Kadappakada,10:06,Mon-Sun
KLM-KTR-FP,KLM-KTR-FP-T09,UP,Kundara,10:12,Mon-Sun
KLM-KTR-FP,KLM-KTR-FP-T09,UP,Ezhukone,10:18,Mon-Sun
KLM-KTR-FP,KLM-KTR-FP-T09,UP,Kottarakkara,10:24,Mon-Sun
KLM-KTR-FP,KLM-KTR-FP-T10,UP,Kollam,10:30,Mon-Sun
KLM-KTR-FP,KLM-KTR-FP-T10,UP,Kadappakada,10:36,Mon-Sun
KLM-KTR-FP,KLM-KTR-FP-T10,UP,Kundara,10:42,Mon-Sun
KLM-KTR-FP,KLM-KTR-FP-T10,UP,Ezhukone,10:48,Mon-Sun
KLM-KTR-FP,KLM-KTR-FP-T10,UP,Kottarakkara,10:54,Mon-Sun
KLM-KTR-FP,KLM-KTR-FP-T11,UP,Kollam,11:00,Mon-Sun
KLM-KTR-FP,KLM-KTR-FP-T11,UP,Kadappakada,11:06,Mon-Sun
KLM-KTR-FP,KLM-KTR-FP-T11,UP,Kundara,11:12,Mon-Sun
KLM-KTR-FP,KLM-KTR-FP-T11,UP,Ezhukone,11:18,Mon-Sun
KLM-KTR-FP,KLM-KTR-FP-T11,UP,Kottarakkara,11:24,Mon-Sun
KLM-KTR-FP,KLM-KTR-FP-T12,UP,Kollam,11:30,Mon-Sun
KLM-KTR-FP,KLM-KTR-FP-T12,UP,Kadappakada,11:36,Mon-Sun
KLM-KTR-FP,KLM-KTR-FP-T12,UP,Kundara,11:42,Mon-Sun
KLM-KTR-FP,KLM-KTR-FP-T12,UP,Ezhukone,11:48,Mon-Sun
KLM-KTR-FP,KLM-KTR-FP-T12,UP,Kottarakkara,11:54,Mon-Sun
KLM-KTR-FP,KLM-KTR-FP-T13,UP,Kollam,12:00,Mon-Sun
KLM-KTR-FP,KLM-KTR-FP-T13,UP,Kadappakada,12:06,Mon-Sun
KLM-KTR-FP,KLM-KTR-FP-T13,UP,Kundara,12:12,Mon-Sun
KLM-KTR-FP,KLM-KTR-FP-T13,UP,Ezhukone,12:18,Mon-Sun
KLM-KTR-FP,KLM-KTR-FP-T13,UP,Kottarakkara,12:24,Mon-Sun
KLM-KTR-FP,KLM-KTR-FP-T14,UP,Kollam,12:30,Mon-Sun
KLM-KTR-FP,KLM-KTR-FP-T14,UP,Kadappakada,12:36,Mon-Sun
KLM-KTR-FP,KLM-KTR-FP-T14,UP,Kundara,12:42,Mon-Sun
KLM-KTR-FP,KLM-KTR-FP-T14,UP,Ezhukone,12:48,Mon-Sun
KLM-KTR-FP,KLM-KTR-FP-T14,UP,Kottarakkara,12:54,Mon-Sun
KLM-KTR-FP,KLM-KTR-FP-T15,UP,Kollam,13:00,Mon-Sun
KLM-KTR-FP,KLM-KTR-FP-T15,UP,Kadappakada,13:06,Mon-Sun
KLM-KTR-FP,KLM-KTR-FP-T15,UP,Kundara,13:12,Mon-Sun
KLM-KTR-FP,KLM-KTR-FP-T15,UP,Ezhukone,13:18,Mon-Sun
KLM-KTR-FP,KLM-KTR-FP-T15,UP,Kottarakkara,13:24,Mon-Sun
KLM-KTR-FP,KLM-KTR-FP-T16,UP,Kollam,13:30,Mon-Sun
KLM-KTR-FP,KLM-KTR-FP-T16,UP,Kadappakada,13:36,Mon-Sun
KLM-KTR-FP,KLM-KTR-FP-T16,UP,Kundara,13:42,Mon-Sun
KLM-KTR-FP,KLM-KTR-FP-T16,UP,Ezhukone,13:48,Mon-Sun
KLM-KTR-FP,KLM-KTR-FP-T16,UP,Kottarakkara,13:54,Mon-Sun
KLM-KTR-FP,KLM-KTR-FP-T17,UP,Kollam,14:00,Mon-Sun
KLM-KTR-FP,KLM-KTR-FP-T17,UP,Kadappakada,14:06,Mon-Sun
KLM-KTR-FP,KLM-KTR-FP-T17,UP,Kundara,14:12,Mon-Sun
KLM-KTR-FP,KLM-KTR-FP-T17,UP,Ezhukone,14:18,Mon-Sun
KLM-KTR-FP,KLM-KTR-FP-T17,UP,Kottarakkara,14:24,Mon-Sun
KLM-KTR-FP,KLM-KTR-FP-T18,UP,Kollam,14:30,Mon-Sun
KLM-KTR-FP,KLM-KTR-FP-T18,UP,Kadappakada,14:36,Mon-Sun
KLM-KTR-FP,KLM-KTR-FP-T18,UP,Kundara,14:42,Mon-Sun
KLM-KTR-FP,KLM-KTR-FP-T18,UP,Ezhukone,14:48,Mon-Sun
KLM-KTR-FP,KLM-KTR-FP-T18,UP,Kottarakkara,14:54,Mon-Sun
KLM-KTR-FP,KLM-KTR-FP-T19,UP,Kollam,15:00,Mon-Sun
KLM-KTR-FP,KLM-KTR-FP-T19,UP,Kadappakada,15:06,Mon-Sun
KLM-KTR-FP,KLM-KTR-FP-T19,UP,Kundara,15:12,Mon-Sun
KLM-KTR-FP,KLM-KTR-FP-T19,UP,Ezhukone,15:18,Mon-Sun
KLM-KTR-FP,KLM-KTR-FP-T19,UP,Kottarakkara,15:24,Mon-Sun
KLM-KTR-FP,KLM-KTR-FP-T20,UP,Kollam,15:30,Mon-Sun
KLM-KTR-FP,KLM-KTR-FP-T20,UP,Kadappakada,15:36,Mon-Sun
KLM-KTR-FP,KLM-KTR-FP-T20,UP,Kundara,15:42,Mon-Sun
KLM-KTR-FP,KLM-KTR-FP-T20,UP,Ezhukone,15:48,Mon-Sun
KLM-KTR-FP,KLM-KTR-FP-T20,UP,Kottarakkara,15:54,Mon-Sun
KLM-KTR-FP,KLM-KTR-FP-T21,UP,Kollam,16:00,Mon-Sun
KLM-KTR-FP,KLM-KTR-FP-T21,UP,Kadappakada,16:06,Mon-Sun
KLM-KTR-FP,KLM-KTR-FP-T21,UP,Kundara,16:12,Mon-Sun
KLM-KTR-FP,KLM-KTR-FP-T21,UP,Ezhukone,16:18,Mon-Sun
KLM-KTR-FP,KLM-KTR-FP-T21,UP,Kottarakkara,16:24,Mon-Sun
KLM-KTR-FP,KLM-KTR-FP-T22,UP,Kollam,16:30,Mon-Sun
KLM-KTR-FP,KLM-KTR-FP-T22,UP,Kadappakada,16:36,Mon-Sun
KLM-KTR-FP,KLM-KTR-FP-T22,UP,Kundara,16:42,Mon-Sun
KLM-KTR-FP,KLM-KTR-FP-T22,UP,Ezhukone,16:48,Mon-Sun
KLM-KTR-FP,KLM-KTR-FP-T22,UP,Kottarakkara,16:54,Mon-Sun
KLM-KTR-FP,KLM-KTR-FP-T23,UP,Kollam,17:00,Mon-Sun
KLM-KTR-FP,KLM-KTR-FP-T23,UP,Kadappakada,17:06,Mon-Sun
KLM-KTR-FP,KLM-KTR-FP-T23,UP,Kundara,17:12,Mon-Sun
KLM-KTR-FP,KLM-KTR-FP-T23,UP,Ezhukone,17:18,Mon-Sun
KLM-KTR-FP,KLM-KTR-FP-T23,UP,Kottarakkara,17:24,Mon-Sun
KLM-KTR-FP,KLM-KTR-FP-T24,UP,Kollam,17:30,Mon-Sun
KLM-KTR-FP,KLM-KTR-FP-T24,UP,Kadappakada,17:36,Mon-Sun
KLM-KTR-FP,KLM-KTR-FP-T24,UP,Kundara,17:42,Mon-Sun
KLM-KTR-FP,KLM-KTR-FP-T24,UP,Ezhukone,17:48,Mon-Sun
KLM-KTR-FP,KLM-KTR-FP-T24,UP,Kottarakkara,17:54,Mon-Sun
KLM-KTR-FP,KLM-KTR-FP-T25,UP,Kollam,18:00,Mon-Sun
KLM-KTR-FP,KLM-KTR-FP-T25,UP,Kadappakada,18:06,Mon-Sun
KLM-KTR-FP,KLM-KTR-FP-T25,UP,Kundara,18:12,Mon-Sun
KLM-KTR-FP,KLM-KTR-FP-T25,UP,Ezhukone,18:18,Mon-Sun
KLM-KTR-FP,KLM-KTR-FP-T25,UP,Kottarakkara,18:24,Mon-Sun
KLM-KTR-FP,KLM-KTR-FP-T26,UP,Kollam,18:30,Mon-Sun
KLM-KTR-FP,KLM-KTR-FP-T26,UP,Kadappakada,18:36,Mon-Sun
KLM-KTR-FP,KLM-KTR-FP-T26,UP,Kundara,18:42,Mon-Sun
KLM-KTR-FP,KLM-KTR-FP-T26,UP,Ezhukone,18:48,Mon-Sun
KLM-KTR-FP,KLM-KTR-FP-T26,UP,Kottarakkara,18:54,Mon-Sun
KLM-KTR-FP,KLM-KTR-FP-T27,UP,Kollam,19:00,Mon-Sun
KLM-KTR-FP,KLM-KTR-FP-T27,UP,Kadappakada,19:06,Mon-Sun
KLM-KTR-FP,KLM-KTR-FP-T27,UP,Kundara,19:12,Mon-Sun
KLM-KTR-FP,KLM-KTR-FP-T27,UP,Ezhukone,19:18,Mon-Sun
KLM-KTR-FP,KLM-KTR-FP-T27,UP,Kottarakkara,19:24,Mon-Sun
KLM-KTR-FP,KLM-KTR-FP-T28,UP,Kollam,19:30,Mon-Sun
KLM-KTR-FP,KLM-KTR-FP-T28,UP,Kadappakada,19:36,Mon-Sun
KLM-KTR-FP,KLM-KTR-FP-T28,UP,Kundara,19:42,Mon-Sun
KLM-KTR-FP,KLM-KTR-FP-T28,UP,Ezhukone,19:48,Mon-Sun
KLM-KTR-FP,KLM-KTR-FP-T28,UP,Kottarakkara,19:54,Mon-Sun
KLM-KTR-FP,KLM-KTR-FP-T29,UP,Kollam,20:00,Mon-Sun
KLM-KTR-FP,KLM-KTR-FP-T29,UP,Kadappakada,20:06,Mon-Sun
KLM-KTR-FP,KLM-KTR-FP-T29,UP,Kundara,20:12,Mon-Sun
KLM-KTR-FP,KLM-KTR-FP-T29,UP,Ezhukone,20:18,Mon-Sun
KLM-KTR-FP,KLM-KTR-FP-T29,UP,Kottarakkara,20:24,Mon-Sun
KLM-KTR-FP,KLM-KTR-FP-T30,UP,Kollam,20:30,Mon-Sun
KLM-KTR-FP,KLM-KTR-FP-T30,UP,Kadappakada,20:36,Mon-Sun
KLM-KTR-FP,KLM-KTR-FP-T30,UP,Kundara,20:42,Mon-Sun
KLM-KTR-FP,KLM-KTR-FP-T30,UP,Ezhukone,20:48,Mon-Sun
KLM-KTR-FP,KLM-KTR-FP-T30,UP,Kottarakkara,20:54,Mon-Sun
KLM-KTR-FP,KLM-KTR-FP-T31,UP,Kollam,21:00,Mon-Sun
KLM-KTR-FP,KLM-KTR-FP-T31,UP,Kadappakada,21:06,Mon-Sun
KLM-KTR-FP,KLM-KTR-FP-T31,UP,Kundara,21:12,Mon-Sun
KLM-KTR-FP,KLM-KTR-FP-T31,UP,Ezhukone,21:18,Mon-Sun
KLM-KTR-FP,KLM-KTR-FP-T31,UP,Kottarakkara,21:24,Mon-Sun
KLM-PVR-ORD,KLM-PVR-ORD-T01,UP,Kollam,06:00,Mon-Sun
KLM-PVR-ORD,KLM-PVR-ORD-T01,UP,Mevaram,06:06,Mon-Sun
KLM-PVR-ORD,KLM-PVR-ORD-T01,UP,Eravipuram,06:12,Mon-Sun
KLM-PVR-ORD,KLM-PVR-ORD-T01,UP,Mayyanad,06:18,Mon-Sun
KLM-PVR-ORD,KLM-PVR-ORD-T01,UP,Paravur,06:24,Mon-Sun
KLM-PVR-ORD,KLM-PVR-ORD-T02,UP,Kollam,06:45,Mon-Sun
KLM-PVR-ORD,KLM-PVR-ORD-T02,UP,Mevaram,06:51,Mon-Sun
KLM-PVR-ORD,KLM-PVR-ORD-T02,UP,Eravipuram,06:57,Mon-Sun
KLM-PVR-ORD,KLM-PVR-ORD-T02,UP,Mayyanad,07:03,Mon-Sun
KLM-PVR-ORD,KLM-PVR-ORD-T02,UP,Paravur,07:09,Mon-Sun
KLM-PVR-ORD,KLM-PVR-ORD-T03,UP,Kollam,07:30,Mon-Sun
KLM-PVR-ORD,KLM-PVR-ORD-T03,UP,Mevaram,07:36,Mon-Sun
KLM-PVR-ORD,KLM-PVR-ORD-T03,UP,Eravipuram,07:42,Mon-Sun
KLM-PVR-ORD,KLM-PVR-ORD-T03,UP,Mayyanad,07:48,Mon-Sun
KLM-PVR-ORD,KLM-PVR-ORD-T03,UP,Paravur,07:54,Mon-Sun
KLM-PVR-ORD,KLM-PVR-ORD-T04,UP,Kollam,08:15,Mon-Sun
KLM-PVR-ORD,KLM-PVR-ORD-T04,UP,Mevaram,08:21,Mon-Sun
KLM-PVR-ORD,KLM-PVR-ORD-T04,UP,Eravipuram,08:27,Mon-Sun
KLM-PVR-ORD,KLM-PVR-ORD-T04,UP,Mayyanad,08:33,Mon-Sun
KLM-PVR-ORD,KLM-PVR-ORD-T04,UP,Paravur,08:39,Mon-Sun
KLM-PVR-ORD,KLM-PVR-ORD-T05,UP,Kollam,09:00,Mon-Sun
KLM-PVR-ORD,KLM-PVR-ORD-T05,UP,Mevaram,09:06,Mon-Sun
KLM-PVR-ORD,KLM-PVR-ORD-T05,UP,Eravipuram,09:12,Mon-Sun
KLM-PVR-ORD,KLM-PVR-ORD-T05,UP,Mayyanad,09:18,Mon-Sun
KLM-PVR-ORD,KLM-PVR-ORD-T05,UP,Paravur,09:24,Mon-Sun
KLM-PVR-ORD,KLM-PVR-ORD-T06,UP,Kollam,09:45,Mon-Sun
KLM-PVR-ORD,KLM-PVR-ORD-T06,UP,Mevaram,09:51,Mon-Sun
KLM-PVR-ORD,KLM-PVR-ORD-T06,UP,Eravipuram,09:57,Mon-Sun
KLM-PVR-ORD,KLM-PVR-ORD-T06,UP,Mayyanad,10:03,Mon-Sun
KLM-PVR-ORD,KLM-PVR-ORD-T06,UP,Paravur,10:09,Mon-Sun
KLM-PVR-ORD,KLM-PVR-ORD-T07,UP,Kollam,10:30,Mon-Sun
KLM-PVR-ORD,KLM-PVR-ORD-T07,UP,Mevaram,10:36,Mon-Sun
KLM-PVR-ORD,KLM-PVR-ORD-T07,UP,Eravipuram,10:42,Mon-Sun
KLM-PVR-ORD,KLM-PVR-ORD-T07,UP,Mayyanad,10:48,Mon-Sun
KLM-PVR-ORD,KLM-PVR-ORD-T07,UP,Paravur,10:54,Mon-Sun
KLM-PVR-ORD,KLM-PVR-ORD-T08,UP,Kollam,11:15,Mon-Sun
KLM-PVR-ORD,KLM-PVR-ORD-T08,UP,Mevaram,11:21,Mon-Sun
KLM-PVR-ORD,KLM-PVR-ORD-T08,UP,Eravipuram,11:27,Mon-Sun
KLM-PVR-ORD,KLM-PVR-ORD-T08,UP,Mayyanad,11:33,Mon-Sun
KLM-PVR-ORD,KLM-PVR-ORD-T08,UP,Paravur,11:39,Mon-Sun
KLM-PVR-ORD,KLM-PVR-ORD-T09,UP,Kollam,12:00,Mon-Sun
KLM-PVR-ORD,KLM-PVR-ORD-T09,UP,Mevaram,12:06,Mon-Sun
KLM-PVR-ORD,KLM-PVR-ORD-T09,UP,Eravipuram,12:12,Mon-Sun
KLM-PVR-ORD,KLM-PVR-ORD-T09,UP,Mayyanad,12:18,Mon-Sun
KLM-PVR-ORD,KLM-PVR-ORD-T09,UP,Paravur,12:24,Mon-Sun
KLM-PVR-ORD,KLM-PVR-ORD-T10,UP,Kollam,12:45,Mon-Sun
KLM-PVR-ORD,KLM-PVR-ORD-T10,UP,Mevaram,12:51,Mon-Sun
KLM-PVR-ORD,KLM-PVR-ORD-T10,UP,Eravipuram,12:57,Mon-Sun
KLM-PVR-ORD,KLM-PVR-ORD-T10,UP,Mayyanad,13:03,Mon-Sun
KLM-PVR-ORD,KLM-PVR-ORD-T10,UP,Paravur,13:09,Mon-Sun
KLM-PVR-ORD,KLM-PVR-ORD-T11,UP,Kollam,13:30,Mon-Sun
KLM-PVR-ORD,KLM-PVR-ORD-T11,UP,Mevaram,13:36,Mon-Sun
KLM-PVR-ORD,KLM-PVR-ORD-T11,UP,Eravipuram,13:42,Mon-Sun
KLM-PVR-ORD,KLM-PVR-ORD-T11,UP,Mayyanad,13:48,Mon-Sun
KLM-PVR-ORD,KLM-PVR-ORD-T11,UP,Paravur,13:54,Mon-Sun
KLM-PVR-ORD,KLM-PVR-ORD-T12,UP,Kollam,14:15,Mon-Sun
KLM-PVR-ORD,KLM-PVR-ORD-T12,UP,Mevaram,14:21,Mon-Sun
KLM-PVR-ORD,KLM-PVR-ORD-T12,UP,Eravipuram,14:27,Mon-Sun
KLM-PVR-ORD,KLM-PVR-ORD-T12,UP,Mayyanad,14:33,Mon-Sun
KLM-PVR-ORD,KLM-PVR-ORD-T12,UP,Paravur,14:39,Mon-Sun
KLM-PVR-ORD,KLM-PVR-ORD-T13,UP,Kollam,15:00,Mon-Sun
KLM-PVR-ORD,KLM-PVR-ORD-T13,UP,Mevaram,15:06,Mon-Sun
KLM-PVR-ORD,KLM-PVR-ORD-T13,UP,Eravipuram,15:12,Mon-Sun
KLM-PVR-ORD,KLM-PVR-ORD-T13,UP,Mayyanad,15:18,Mon-Sun
KLM-PVR-ORD,KLM-PVR-ORD-T13,UP,Paravur,15:24,Mon-Sun
KLM-PVR-ORD,KLM-PVR-ORD-T14,UP,Kollam,15:45,Mon-Sun
KLM-PVR-ORD,KLM-PVR-ORD-T14,UP,Mevaram,15:51,Mon-Sun
KLM-PVR-ORD,KLM-PVR-ORD-T14,UP,Eravipuram,15:57,Mon-Sun
KLM-PVR-ORD,KLM-PVR-ORD-T14,UP,Mayyanad,16:03,Mon-Sun
KLM-PVR-ORD,KLM-PVR-ORD-T14,UP,Paravur,16:09,Mon-Sun
KLM-PVR-ORD,KLM-PVR-ORD-T15,UP,Kollam,16:30,Mon-Sun
KLM-PVR-ORD,KLM-PVR-ORD-T15,UP,Mevaram,16:36,Mon-Sun
KLM-PVR-ORD,KLM-PVR-ORD-T15,UP,Eravipuram,16:42,Mon-Sun
KLM-PVR-ORD,KLM-PVR-ORD-T15,UP,Mayyanad,16:48,Mon-Sun
KLM-PVR-ORD,KLM-PVR-ORD-T15,UP,Paravur,16:54,Mon-Sun
KLM-PVR-ORD,KLM-PVR-ORD-T16,UP,Kollam,17:15,Mon-Sun
KLM-PVR-ORD,KLM-PVR-ORD-T16,UP,Mevaram,17:21,Mon-Sun
KLM-PVR-ORD,KLM-PVR-ORD-T16,UP,Eravipuram,17:27,Mon-Sun
KLM-PVR-ORD,KLM-PVR-ORD-T16,UP,Mayyanad,17:33,Mon-Sun
KLM-PVR-ORD,KLM-PVR-ORD-T16,UP,Paravur,17:39,Mon-Sun
KLM-PVR-ORD,KLM-PVR-ORD-T17,UP,Kollam,18:00,Mon-Sun
KLM-PVR-ORD,KLM-PVR-ORD-T17,UP,Mevaram,18:06,Mon-Sun
KLM-PVR-ORD,KLM-PVR-ORD-T17,UP,Eravipuram,18:12,Mon-Sun
KLM-PVR-ORD,KLM-PVR-ORD-T17,UP,Mayyanad,18:18,Mon-Sun
KLM-PVR-ORD,KLM-PVR-ORD-T17,UP,Paravur,18:24,Mon-Sun
KLM-PVR-ORD,KLM-PVR-ORD-T18,UP,Kollam,18:45,Mon-Sun
KLM-PVR-ORD,KLM-PVR-ORD-T18,UP,Mevaram,18:51,Mon-Sun
KLM-PVR-ORD,KLM-PVR-ORD-T18,UP,Eravipuram,18:57,Mon-Sun
KLM-PVR-ORD,KLM-PVR-ORD-T18,UP,Mayyanad,19:03,Mon-Sun
KLM-PVR-ORD,KLM-PVR-ORD-T18,UP,Paravur,19:09,Mon-Sun
KLM-PVR-ORD,KLM-PVR-ORD-T19,UP,Kollam,19:30,Mon-Sun
KLM-PVR-ORD,KLM-PVR-ORD-T19,UP,Mevaram,19:36,Mon-Sun
KLM-PVR-ORD,KLM-PVR-ORD-T19,UP,Eravipuram,19:42,Mon-Sun
KLM-PVR-ORD,KLM-PVR-ORD-T19,UP,Mayyanad,19:48,Mon-Sun
KLM-PVR-ORD,KLM-PVR-ORD-T19,UP,Paravur,19:54,Mon-Sun
KLM-PVR-ORD,KLM-PVR-ORD-T20,UP,Kollam,20:15,Mon-Sun
KLM-PVR-ORD,KLM-PVR-ORD-T20,UP,Mevaram,20:21,Mon-Sun
KLM-PVR-ORD,KLM-PVR-ORD-T20,UP,Eravipuram,20:27,Mon-Sun
KLM-PVR-ORD,KLM-PVR-ORD-T20,UP,Mayyanad,20:33,Mon-Sun
KLM-PVR-ORD,KLM-PVR-ORD-T20,UP,Paravur,20:39,Mon-Sun
KLM-PVR-ORD,KLM-PVR-ORD-T21,UP,Kollam,21:00,Mon-Sun
KLM-PVR-ORD,KLM-PVR-ORD-T21,UP,Mevaram,21:06,Mon-Sun
KLM-PVR-ORD,KLM-PVR-ORD-T21,UP,Eravipuram,21:12,Mon-Sun
KLM-PVR-ORD,KLM-PVR-ORD-T21,UP,Mayyanad,21:18,Mon-Sun
KLM-PVR-ORD,KLM-PVR-ORD-T21,UP,Paravur,21:24,Mon-Sun
KLM-PNL-FP,KLM-PNL-FP-T01,UP,Kollam,06:00,Mon-Sun
KLM-PNL-FP,KLM-PNL-FP-T01,UP,Kundara,06:06,Mon-Sun
KLM-PNL-FP,KLM-PNL-FP-T01,UP,Kottarakkara,06:12,Mon-Sun
KLM-PNL-FP,KLM-PNL-FP-T01,UP,Pathanapuram,06:18,Mon-Sun
KLM-PNL-FP,KLM-PNL-FP-T01,UP,Punalur,06:24,Mon-Sun
KLM-PNL-FP,KLM-PNL-FP-T02,UP,Kollam,07:00,Mon-Sun
KLM-PNL-FP,KLM-PNL-FP-T02,UP,Kundara,07:06,Mon-Sun
KLM-PNL-FP,KLM-PNL-FP-T02,UP,Kottarakkara,07:12,Mon-Sun
KLM-PNL-FP,KLM-PNL-FP-T02,UP,Pathanapuram,07:18,Mon-Sun
KLM-PNL-FP,KLM-PNL-FP-T02,UP,Punalur,07:24,Mon-Sun
KLM-PNL-FP,KLM-PNL-FP-T03,UP,Kollam,08:00,Mon-Sun
KLM-PNL-FP,KLM-PNL-FP-T03,UP,Kundara,08:06,Mon-Sun
KLM-PNL-FP,KLM-PNL-FP-T03,UP,Kottarakkara,08:12,Mon-Sun
KLM-PNL-FP,KLM-PNL-FP-T03,UP,Pathanapuram,08:18,Mon-Sun
KLM-PNL-FP,KLM-PNL-FP-T03,UP,Punalur,08:24,Mon-Sun
KLM-PNL-FP,KLM-PNL-FP-T04,UP,Kollam,09:00,Mon-Sun
KLM-PNL-FP,KLM-PNL-FP-T04,UP,Kundara,09:06,Mon-Sun
KLM-PNL-FP,KLM-PNL-FP-T04,UP,Kottarakkara,09:12,Mon-Sun
KLM-PNL-FP,KLM-PNL-FP-T04,UP,Pathanapuram,09:18,Mon-Sun
KLM-PNL-FP,KLM-PNL-FP-T04,UP,Punalur,09:24,Mon-Sun
KLM-PNL-FP,KLM-PNL-FP-T05,UP,Kollam,10:00,Mon-Sun
KLM-PNL-FP,KLM-PNL-FP-T05,UP,Kundara,10:06,Mon-Sun
KLM-PNL-FP,KLM-PNL-FP-T05,UP,Kottarakkara,10:12,Mon-Sun
KLM-PNL-FP,KLM-PNL-FP-T05,UP,Pathanapuram,10:18,Mon-Sun
KLM-PNL-FP,KLM-PNL-FP-T05,UP,Punalur,10:24,Mon-Sun
KLM-PNL-FP,KLM-PNL-FP-T06,UP,Kollam,11:00,Mon-Sun
KLM-PNL-FP,KLM-PNL-FP-T06,UP,Kundara,11:06,Mon-Sun
KLM-PNL-FP,KLM-PNL-FP-T06,UP,Kottarakkara,11:12,Mon-Sun
KLM-PNL-FP,KLM-PNL-FP-T06,UP,Pathanapuram,11:18,Mon-Sun
KLM-PNL-FP,KLM-PNL-FP-T06,UP,Punalur,11:24,Mon-Sun
KLM-PNL-FP,KLM-PNL-FP-T07,UP,Kollam,12:00,Mon-Sun
KLM-PNL-FP,KLM-PNL-FP-T07,UP,Kundara,12:06,Mon-Sun
KLM-PNL-FP,KLM-PNL-FP-T07,UP,Kottarakkara,12:12,Mon-Sun
KLM-PNL-FP,KLM-PNL-FP-T07,UP,Pathanapuram,12:18,Mon-Sun
KLM-PNL-FP,KLM-PNL-FP-T07,UP,Punalur,12:24,Mon-Sun
KLM-PNL-FP,KLM-PNL-FP-T08,UP,Kollam,13:00,Mon-Sun
KLM-PNL-FP,KLM-PNL-FP-T08,UP,Kundara,13:06,Mon-Sun
KLM-PNL-FP,KLM-PNL-FP-T08,UP,Kottarakkara,13:12,Mon-Sun
KLM-PNL-FP,KLM-PNL-FP-T08,UP,Pathanapuram,13:18,Mon-Sun
KLM-PNL-FP,KLM-PNL-FP-T08,UP,Punalur,13:24,Mon-Sun
KLM-PNL-FP,KLM-PNL-FP-T09,UP,Kollam,14:00,Mon-Sun
KLM-PNL-FP,KLM-PNL-FP-T09,UP,Kundara,14:06,Mon-Sun
KLM-PNL-FP,KLM-PNL-FP-T09,UP,Kottarakkara,14:12,Mon-Sun
KLM-PNL-FP,KLM-PNL-FP-T09,UP,Pathanapuram,14:18,Mon-Sun
KLM-PNL-FP,KLM-PNL-FP-T09,UP,Punalur,14:24,Mon-Sun
KLM-PNL-FP,KLM-PNL-FP-T10,UP,Kollam,15:00,Mon-Sun
KLM-PNL-FP,KLM-PNL-FP-T10,UP,Kundara,15:06,Mon-Sun
KLM-PNL-FP,KLM-PNL-FP-T10,UP,Kottarakkara,15:12,Mon-Sun
KLM-PNL-FP,KLM-PNL-FP-T10,UP,Pathanapuram,15:18,Mon-Sun
KLM-PNL-FP,KLM-PNL-FP-T10,UP,Punalur,15:24,Mon-Sun
KLM-PNL-FP,KLM-PNL-FP-T11,UP,Kollam,16:00,Mon-Sun
KLM-PNL-FP,KLM-PNL-FP-T11,UP,Kundara,16:06,Mon-Sun
KLM-PNL-FP,KLM-PNL-FP-T11,UP,Kottarakkara,16:12,Mon-Sun
KLM-PNL-FP,KLM-PNL-FP-T11,UP,Pathanapuram,16:18,Mon-Sun
KLM-PNL-FP,KLM-PNL-FP-T11,UP,Punalur,16:24,Mon-Sun
KLM-PNL-FP,KLM-PNL-FP-T12,UP,Kollam,17:00,Mon-Sun
KLM-PNL-FP,KLM-PNL-FP-T12,UP,Kundara,17:06,Mon-Sun
KLM-PNL-FP,KLM-PNL-FP-T12,UP,Kottarakkara,17:12,Mon-Sun
KLM-PNL-FP,KLM-PNL-FP-T12,UP,Pathanapuram,17:18,Mon-Sun
KLM-PNL-FP,KLM-PNL-FP-T12,UP,Punalur,17:24,Mon-Sun
KLM-PNL-FP,KLM-PNL-FP-T13,UP,Kollam,18:00,Mon-Sun
KLM-PNL-FP,KLM-PNL-FP-T13,UP,Kundara,18:06,Mon-Sun
KLM-PNL-FP,KLM-PNL-FP-T13,UP,Kottarakkara,18:12,Mon-Sun
KLM-PNL-FP,KLM-PNL-FP-T13,UP,Pathanapuram,18:18,Mon-Sun
KLM-PNL-FP,KLM-PNL-FP-T13,UP,Punalur,18:24,Mon-Sun
KLM-PNL-FP,KLM-PNL-FP-T14,UP,Kollam,19:00,Mon-Sun
KLM-PNL-FP,KLM-PNL-FP-T14,UP,Kundara,19:06,Mon-Sun
KLM-PNL-FP,KLM-PNL-FP-T14,UP,Kottarakkara,19:12,Mon-Sun
KLM-PNL-FP,KLM-PNL-FP-T14,UP,Pathanapuram,19:18,Mon-Sun
KLM-PNL-FP,KLM-PNL-FP-T14,UP,Punalur,19:24,Mon-Sun
KLM-PNL-FP,KLM-PNL-FP-T15,UP,Kollam,20:00,Mon-Sun
KLM-PNL-FP,KLM-PNL-FP-T15,UP,Kundara,20:06,Mon-Sun
KLM-PNL-FP,KLM-PNL-FP-T15,UP,Kottarakkara,20:12,Mon-Sun
KLM-PNL-FP,KLM-PNL-FP-T15,UP,Pathanapuram,20:18,Mon-Sun
KLM-PNL-FP,KLM-PNL-FP-T15,UP,Punalur,20:24,Mon-Sun
KLM-PNL-FP,KLM-PNL-FP-T16,UP,Kollam,21:00,Mon-Sun
KLM-PNL-FP,KLM-PNL-FP-T16,UP,Kundara,21:06,Mon-Sun
KLM-PNL-FP,KLM-PNL-FP-T16,UP,Kottarakkara,21:12,Mon-Sun
KLM-PNL-FP,KLM-PNL-FP-T16,UP,Pathanapuram,21:18,Mon-Sun
KLM-PNL-FP,KLM-PNL-FP-T16,UP,Punalur,21:24,Mon-Sun
KLM-TVM-SF,KLM-TVM-SF-T01,UP,Kollam,06:00,Mon-Sun
KLM-TVM-SF,KLM-TVM-SF-T01,UP,Kottiyam,06:10,Mon-Sun
KLM-TVM-SF,KLM-TVM-SF-T01,UP,Chathannoor,06:20,Mon-Sun
KLM-TVM-SF,KLM-TVM-SF-T01,UP,Attingal,06:30,Mon-Sun
KLM-TVM-SF,KLM-TVM-SF-T01,UP,Kazhakuttam,06:40,Mon-Sun
KLM-TVM-SF,KLM-TVM-SF-T01,UP,Thampanoor,06:50,Mon-Sun
KLM-TVM-SF,KLM-TVM-SF-T02,UP,Kollam,07:00,Mon-Sun
KLM-TVM-SF,KLM-TVM-SF-T02,UP,Kottiyam,07:10,Mon-Sun
KLM-TVM-SF,KLM-TVM-SF-T02,UP,Chathannoor,07:20,Mon-Sun
KLM-TVM-SF,KLM-TVM-SF-T02,UP,Attingal,07:30,Mon-Sun
KLM-TVM-SF,KLM-TVM-SF-T02,UP,Kazhakuttam,07:40,Mon-Sun
KLM-TVM-SF,KLM-TVM-SF-T02,UP,Thampanoor,07:50,Mon-Sun
KLM-TVM-SF,KLM-TVM-SF-T03,UP,Kollam,08:00,Mon-Sun
KLM-TVM-SF,KLM-TVM-SF-T03,UP,Kottiyam,08:10,Mon-Sun
KLM-TVM-SF,KLM-TVM-SF-T03,UP,Chathannoor,08:20,Mon-Sun
KLM-TVM-SF,KLM-TVM-SF-T03,UP,Attingal,08:30,Mon-Sun
KLM-TVM-SF,KLM-TVM-SF-T03,UP,Kazhakuttam,08:40,Mon-Sun
KLM-TVM-SF,KLM-TVM-SF-T03,UP,Thampanoor,08:50,Mon-Sun
KLM-TVM-SF,KLM-TVM-SF-T04,UP,Kollam,09:00,Mon-Sun
KLM-TVM-SF,KLM-TVM-SF-T04,UP,Kottiyam,09:10,Mon-Sun
KLM-TVM-SF,KLM-TVM-SF-T04,UP,Chathannoor,09:20,Mon-Sun
KLM-TVM-SF,KLM-TVM-SF-T04,UP,Attingal,09:30,Mon-Sun
KLM-TVM-SF,KLM-TVM-SF-T04,UP,Kazhakuttam,09:40,Mon-Sun
KLM-TVM-SF,KLM-TVM-SF-T04,UP,Thampanoor,09:50,Mon-Sun
KLM-TVM-SF,KLM-TVM-SF-T05,UP,Kollam,10:00,Mon-Sun
KLM-TVM-SF,KLM-TVM-SF-T05,UP,Kottiyam,10:10,Mon-Sun
KLM-TVM-SF,KLM-TVM-SF-T05,UP,Chathannoor,10:20,Mon-Sun
KLM-TVM-SF,KLM-TVM-SF-T05,UP,Attingal,10:30,Mon-Sun
KLM-TVM-SF,KLM-TVM-SF-T05,UP,Kazhakuttam,10:40,Mon-Sun
KLM-TVM-SF,KLM-TVM-SF-T05,UP,Thampanoor,10:50,Mon-Sun
KLM-TVM-SF,KLM-TVM-SF-T06,UP,Kollam,11:00,Mon-Sun
KLM-TVM-SF,KLM-TVM-SF-T06,UP,Kottiyam,11:10,Mon-Sun
KLM-TVM-SF,KLM-TVM-SF-T06,UP,Chathannoor,11:20,Mon-Sun
KLM-TVM-SF,KLM-TVM-SF-T06,UP,Attingal,11:30,Mon-Sun
KLM-TVM-SF,KLM-TVM-SF-T06,UP,Kazhakuttam,11:40,Mon-Sun
KLM-TVM-SF,KLM-TVM-SF-T06,UP,Thampanoor,11:50,Mon-Sun
KLM-TVM-SF,KLM-TVM-SF-T07,UP,Kollam,12:00,Mon-Sun
KLM-TVM-SF,KLM-TVM-SF-T07,UP,Kottiyam,12:10,Mon-Sun
KLM-TVM-SF,KLM-TVM-SF-T07,UP,Chathannoor,12:20,Mon-Sun
KLM-TVM-SF,KLM-TVM-SF-T07,UP,Attingal,12:30,Mon-Sun
KLM-TVM-SF,KLM-TVM-SF-T07,UP,Kazhakuttam,12:40,Mon-Sun
KLM-TVM-SF,KLM-TVM-SF-T07,UP,Thampanoor,12:50,Mon-Sun
KLM-TVM-SF,KLM-TVM-SF-T08,UP,Kollam,13:00,Mon-Sun
KLM-TVM-SF,KLM-TVM-SF-T08,UP,Kottiyam,13:10,Mon-Sun
KLM-TVM-SF,KLM-TVM-SF-T08,UP,Chathannoor,13:20,Mon-Sun
KLM-TVM-SF,KLM-TVM-SF-T08,UP,Attingal,13:30,Mon-Sun
KLM-TVM-SF,KLM-TVM-SF-T08,UP,Kazhakuttam,13:40,Mon-Sun
KLM-TVM-SF,KLM-TVM-SF-T08,UP,Thampanoor,13:50,Mon-Sun
KLM-TVM-SF,KLM-TVM-SF-T09,UP,Kollam,14:00,Mon-Sun
KLM-TVM-SF,KLM-TVM-SF-T09,UP,Kottiyam,14:10,Mon-Sun
KLM-TVM-SF,KLM-TVM-SF-T09,UP,Chathannoor,14:20,Mon-Sun
KLM-TVM-SF,KLM-TVM-SF-T09,UP,Attingal,14:30,Mon-Sun
KLM-TVM-SF,KLM-TVM-SF-T09,UP,Kazhakuttam,14:40,Mon-Sun
KLM-TVM-SF,KLM-TVM-SF-T09,UP,Thampanoor,14:50,Mon-Sun
KLM-TVM-SF,KLM-TVM-SF-T10,UP,Kollam,15:00,Mon-Sun
KLM-TVM-SF,KLM-TVM-SF-T10,UP,Kottiyam,15:10,Mon-Sun
KLM-TVM-SF,KLM-TVM-SF-T10,UP,Chathannoor,15:20,Mon-Sun
KLM-TVM-SF,KLM-TVM-SF-T10,UP,Attingal,15:30,Mon-Sun
KLM-TVM-SF,KLM-TVM-SF-T10,UP,Kazhakuttam,15:40,Mon-Sun
KLM-TVM-SF,KLM-TVM-SF-T10,UP,Thampanoor,15:50,Mon-Sun
KLM-TVM-SF,KLM-TVM-SF-T11,UP,Kollam,16:00,Mon-Sun
KLM-TVM-SF,KLM-TVM-SF-T11,UP,Kottiyam,16:10,Mon-Sun
KLM-TVM-SF,KLM-TVM-SF-T11,UP,Chathannoor,16:20,Mon-Sun
KLM-TVM-SF,KLM-TVM-SF-T11,UP,Attingal,16:30,Mon-Sun
KLM-TVM-SF,KLM-TVM-SF-T11,UP,Kazhakuttam,16:40,Mon-Sun
KLM-TVM-SF,KLM-TVM-SF-T11,UP,Thampanoor,16:50,Mon-Sun
KLM-TVM-SF,KLM-TVM-SF-T12,UP,Kollam,17:00,Mon-Sun
KLM-TVM-SF,KLM-TVM-SF-T12,UP,Kottiyam,17:10,Mon-Sun
KLM-TVM-SF,KLM-TVM-SF-T12,UP,Chathannoor,17:20,Mon-Sun
KLM-TVM-SF,KLM-TVM-SF-T12,UP,Attingal,17:30,Mon-Sun
KLM-TVM-SF,KLM-TVM-SF-T12,UP,Kazhakuttam,17:40,Mon-Sun
KLM-TVM-SF,KLM-TVM-SF-T12,UP,Thampanoor,17:50,Mon-Sun
KLM-TVM-SF,KLM-TVM-SF-T13,UP,Kollam,18:00,Mon-Sun
KLM-TVM-SF,KLM-TVM-SF-T13,UP,Kottiyam,18:10,Mon-Sun
KLM-TVM-SF,KLM-TVM-SF-T13,UP,Chathannoor,18:20,Mon-Sun
KLM-TVM-SF,KLM-TVM-SF-T13,UP,Attingal,18:30,Mon-Sun
KLM-TVM-SF,KLM-TVM-SF-T13,UP,Kazhakuttam,18:40,Mon-Sun
KLM-TVM-SF,KLM-TVM-SF-T13,UP,Thampanoor,18:50,Mon-Sun
KLM-TVM-SF,KLM-TVM-SF-T14,UP,Kollam,19:00,Mon-Sun
KLM-TVM-SF,KLM-TVM-SF-T14,UP,Kottiyam,19:10,Mon-Sun
KLM-TVM-SF,KLM-TVM-SF-T14,UP,Chathannoor,19:20,Mon-Sun
KLM-TVM-SF,KLM-TVM-SF-T14,UP,Attingal,19:30,Mon-Sun
KLM-TVM-SF,KLM-TVM-SF-T14,UP,Kazhakuttam,19:40,Mon-Sun
KLM-TVM-SF,KLM-TVM-SF-T14,UP,Thampanoor,19:50,Mon-Sun
KLM-TVM-SF,KLM-TVM-SF-T15,UP,Kollam,20:00,Mon-Sun
KLM-TVM-SF,KLM-TVM-SF-T15,UP,Kottiyam,20:10,Mon-Sun
KLM-TVM-SF,KLM-TVM-SF-T15,UP,Chathannoor,20:20,Mon-Sun
KLM-TVM-SF,KLM-TVM-SF-T15,UP,Attingal,20:30,Mon-Sun
KLM-TVM-SF,KLM-TVM-SF-T15,UP,Kazhakuttam,20:40,Mon-Sun
KLM-TVM-SF,KLM-TVM-SF-T15,UP,Thampanoor,20:50,Mon-Sun
KLM-TVM-SF,KLM-TVM-SF-T16,UP,Kollam,21:00,Mon-Sun
KLM-TVM-SF,KLM-TVM-SF-T16,UP,Kottiyam,21:10,Mon-Sun
KLM-TVM-SF,KLM-TVM-SF-T16,UP,Chathannoor,21:20,Mon-Sun
KLM-TVM-SF,KLM-TVM-SF-T16,UP,Attingal,21:30,Mon-Sun
KLM-TVM-SF,KLM-TVM-SF-T16,UP,Kazhakuttam,21:40,Mon-Sun
KLM-TVM-SF,KLM-TVM-SF-T16,UP,Thampanoor,21:50,Mon-Sun
EKM-FKC-ORD,EKM-FKC-ORD-T01,UP,Vyttila Hub,06:00,Mon-Sun
EKM-FKC-ORD,EKM-FKC-ORD-T01,UP,MG Road,06:06,Mon-Sun
EKM-FKC-ORD,EKM-FKC-ORD-T01,UP,Thevara,06:12,Mon-Sun
EKM-FKC-ORD,EKM-FKC-ORD-T01,UP,Thoppumpady,06:18,Mon-Sun
EKM-FKC-ORD,EKM-FKC-ORD-T01,UP,Fort Kochi,06:24,Mon-Sun
EKM-FKC-ORD,EKM-FKC-ORD-T02,UP,Vyttila Hub,06:45,Mon-Sun
EKM-FKC-ORD,EKM-FKC-ORD-T02,UP,MG Road,06:51,Mon-Sun
EKM-FKC-ORD,EKM-FKC-ORD-T02,UP,Thevara,06:57,Mon-Sun
EKM-FKC-ORD,EKM-FKC-ORD-T02,UP,Thoppumpady,07:03,Mon-Sun
EKM-FKC-ORD,EKM-FKC-ORD-T02,UP,Fort Kochi,07:09,Mon-Sun
EKM-FKC-ORD,EKM-FKC-ORD-T03,UP,Vyttila Hub,07:30,Mon-Sun
EKM-FKC-ORD,EKM-FKC-ORD-T03,UP,MG Road,07:36,Mon-Sun
EKM-FKC-ORD,EKM-FKC-ORD-T03,UP,Thevara,07:42,Mon-Sun
EKM-FKC-ORD,EKM-FKC-ORD-T03,UP,Thoppumpady,07:48,Mon-Sun
EKM-FKC-ORD,EKM-FKC-ORD-T03,UP,Fort Kochi,07:54,Mon-Sun
EKM-FKC-ORD,EKM-FKC-ORD-T04,UP,Vyttila Hub,08:15,Mon-Sun
EKM-FKC-ORD,EKM-FKC-ORD-T04,UP,MG Road,08:21,Mon-Sun
EKM-FKC-ORD,EKM-FKC-ORD-T04,UP,Thevara,08:27,Mon-Sun
EKM-FKC-ORD,EKM-FKC-ORD-T04,UP,Thoppumpady,08:33,Mon-Sun
EKM-FKC-ORD,EKM-FKC-ORD-T04,UP,Fort Kochi,08:39,Mon-Sun
EKM-FKC-ORD,EKM-FKC-ORD-T05,UP,Vyttila Hub,09:00,Mon-Sun
EKM-FKC-ORD,EKM-FKC-ORD-T05,UP,MG Road,09:06,Mon-Sun
EKM-FKC-ORD,EKM-FKC-ORD-T05,UP,Thevara,09:12,Mon-Sun
EKM-FKC-ORD,EKM-FKC-ORD-T05,UP,Thoppumpady,09:18,Mon-Sun
EKM-FKC-ORD,EKM-FKC-ORD-T05,UP,Fort Kochi,09:24,Mon-Sun
EKM-FKC-ORD,EKM-FKC-ORD-T06,UP,Vyttila Hub,09:45,Mon-Sun
EKM-FKC-ORD,EKM-FKC-ORD-T06,UP,MG Road,09:51,Mon-Sun
EKM-FKC-ORD,EKM-FKC-ORD-T06,UP,Thevara,09:57,Mon-Sun
EKM-FKC-ORD,EKM-FKC-ORD-T06,UP,Thoppumpady,10:03,Mon-Sun
EKM-FKC-ORD,EKM-FKC-ORD-T06,UP,Fort Kochi,10:09,Mon-Sun
EKM-FKC-ORD,EKM-FKC-ORD-T07,UP,Vyttila Hub,10:30,Mon-Sun
EKM-FKC-ORD,EKM-FKC-ORD-T07,UP,MG Road,10:36,Mon-Sun
EKM-FKC-ORD,EKM-FKC-ORD-T07,UP,Thevara,10:42,Mon-Sun
EKM-FKC-ORD,EKM-FKC-ORD-T07,UP,Thoppumpady,10:48,Mon-Sun
EKM-FKC-ORD,EKM-FKC-ORD-T07,UP,Fort Kochi,10:54,Mon-Sun
EKM-FKC-ORD,EKM-FKC-ORD-T08,UP,Vyttila Hub,11:15,Mon-Sun
EKM-FKC-ORD,EKM-FKC-ORD-T08,UP,MG Road,11:21,Mon-Sun
EKM-FKC-ORD,EKM-FKC-ORD-T08,UP,Thevara,11:27,Mon-Sun
EKM-FKC-ORD,EKM-FKC-ORD-T08,UP,Thoppumpady,11:33,Mon-Sun
EKM-FKC-ORD,EKM-FKC-ORD-T08,UP,Fort Kochi,11:39,Mon-Sun
EKM-FKC-ORD,EKM-FKC-ORD-T09,UP,Vyttila Hub,12:00,Mon-Sun
EKM-FKC-ORD,EKM-FKC-ORD-T09,UP,MG Road,12:06,Mon-Sun
EKM-FKC-ORD,EKM-FKC-ORD-T09,UP,Thevara,12:12,Mon-Sun
EKM-FKC-ORD,EKM-FKC-ORD-T09,UP,Thoppumpady,12:18,Mon-Sun
EKM-FKC-ORD,EKM-FKC-ORD-T09,UP,Fort Kochi,12:24,Mon-Sun
EKM-FKC-ORD,EKM-FKC-ORD-T10,UP,Vyttila Hub,12:45,Mon-Sun
EKM-FKC-ORD,EKM-FKC-ORD-T10,UP,MG Road,12:51,Mon-Sun
EKM-FKC-ORD,EKM-FKC-ORD-T10,UP,Thevara,12:57,Mon-Sun
EKM-FKC-ORD,EKM-FKC-ORD-T10,UP,Thoppumpady,13:03,Mon-Sun
EKM-FKC-ORD,EKM-FKC-ORD-T10,UP,Fort Kochi,13:09,Mon-Sun
EKM-FKC-ORD,EKM-FKC-ORD-T11,UP,Vyttila Hub,13:30,Mon-Sun
EKM-FKC-ORD,EKM-FKC-ORD-T11,UP,MG Road,13:36,Mon-Sun
EKM-FKC-ORD,EKM-FKC-ORD-T11,UP,Thevara,13:42,Mon-Sun
EKM-FKC-ORD,EKM-FKC-ORD-T11,UP,Thoppumpady,13:48,Mon-Sun
EKM-FKC-ORD,EKM-FKC-ORD-T11,UP,Fort Kochi,13:54,Mon-Sun
EKM-FKC-ORD,EKM-FKC-ORD-T12,UP,Vyttila Hub,14:15,Mon-Sun
EKM-FKC-ORD,EKM-FKC-ORD-T12,UP,MG Road,14:21,Mon-Sun
EKM-FKC-ORD,EKM-FKC-ORD-T12,UP,Thevara,14:27,Mon-Sun
EKM-FKC-ORD,EKM-FKC-ORD-T12,UP,Thoppumpady,14:33,Mon-Sun
EKM-FKC-ORD,EKM-FKC-ORD-T12,UP,Fort Kochi,14:39,Mon-Sun
EKM-FKC-ORD,EKM-FKC-ORD-T13,UP,Vyttila Hub,15:00,Mon-Sun
EKM-FKC-ORD,EKM-FKC-ORD-T13,UP,MG Road,15:06,Mon-Sun
EKM-FKC-ORD,EKM-FKC-ORD-T13,UP,Thevara,15:12,Mon-Sun
EKM-FKC-ORD,EKM-FKC-ORD-T13,UP,Thoppumpady,15:18,Mon-Sun
EKM-FKC-ORD,EKM-FKC-ORD-T13,UP,Fort Kochi,15:24,Mon-Sun
EKM-FKC-ORD,EKM-FKC-ORD-T14,UP,Vyttila Hub,15:45,Mon-Sun
EKM-FKC-ORD,EKM-FKC-ORD-T14,UP,MG Road,15:51,Mon-Sun
EKM-FKC-ORD,EKM-FKC-ORD-T14,UP,Thevara,15:57,Mon-Sun
EKM-FKC-ORD,EKM-FKC-ORD-T14,UP,Thoppumpady,16:03,Mon-Sun
EKM-FKC-ORD,EKM-FKC-ORD-T14,UP,Fort Kochi,16:09,Mon-Sun
EKM-FKC-ORD,EKM-FKC-ORD-T15,UP,Vyttila Hub,16:30,Mon-Sun
EKM-FKC-ORD,EKM-FKC-ORD-T15,UP,MG Road,16:36,Mon-Sun
EKM-FKC-ORD,EKM-FKC-ORD-T15,UP,Thevara,16:42,Mon-Sun
EKM-FKC-ORD,EKM-FKC-ORD-T15,UP,Thoppumpady,16:48,Mon-Sun
EKM-FKC-ORD,EKM-FKC-ORD-T15,UP,Fort Kochi,16:54,Mon-Sun
EKM-FKC-ORD,EKM-FKC-ORD-T16,UP,Vyttila Hub,17:15,Mon-Sun
EKM-FKC-ORD,EKM-FKC-ORD-T16,UP,MG Road,17:21,Mon-Sun
EKM-FKC-ORD,EKM-FKC-ORD-T16,UP,Thevara,17:27,Mon-Sun
EKM-FKC-ORD,EKM-FKC-ORD-T16,UP,Thoppumpady,17:33,Mon-Sun
EKM-FKC-ORD,EKM-FKC-ORD-T16,UP,Fort Kochi,17:39,Mon-Sun
EKM-FKC-ORD,EKM-FKC-ORD-T17,UP,Vyttila Hub,18:00,Mon-Sun
EKM-FKC-ORD,EKM-FKC-ORD-T17,UP,MG Road,18:06,Mon-Sun
EKM-FKC-ORD,EKM-FKC-ORD-T17,UP,Thevara,18:12,Mon-Sun
EKM-FKC-ORD,EKM-FKC-ORD-T17,UP,Thoppumpady,18:18,Mon-Sun
EKM-FKC-ORD,EKM-FKC-ORD-T17,UP,Fort Kochi,18:24,Mon-Sun
EKM-FKC-ORD,EKM-FKC-ORD-T18,UP,Vyttila Hub,18:45,Mon-Sun
EKM-FKC-ORD,EKM-FKC-ORD-T18,UP,MG Road,18:51,Mon-Sun
EKM-FKC-ORD,EKM-FKC-ORD-T18,UP,Thevara,18:57,Mon-Sun
EKM-FKC-ORD,EKM-FKC-ORD-T18,UP,Thoppumpady,19:03,Mon-Sun
EKM-FKC-ORD,EKM-FKC-ORD-T18,UP,Fort Kochi,19:09,Mon-Sun
EKM-FKC-ORD,EKM-FKC-ORD-T19,UP,Vyttila Hub,19:30,Mon-Sun
EKM-FKC-ORD,EKM-FKC-ORD-T19,UP,MG Road,19:36,Mon-Sun
EKM-FKC-ORD,EKM-FKC-ORD-T19,UP,Thevara,19:42,Mon-Sun
EKM-FKC-ORD,EKM-FKC-ORD-T19,UP,Thoppumpady,19:48,Mon-Sun
EKM-FKC-ORD,EKM-FKC-ORD-T19,UP,Fort Kochi,19:54,Mon-Sun
EKM-FKC-ORD,EKM-FKC-ORD-T20,UP,Vyttila Hub,20:15,Mon-Sun
EKM-FKC-ORD,EKM-FKC-ORD-T20,UP,MG Road,20:21,Mon-Sun
EKM-FKC-ORD,EKM-FKC-ORD-T20,UP,Thevara,20:27,Mon-Sun
EKM-FKC-ORD,EKM-FKC-ORD-T20,UP,Thoppumpady,20:33,Mon-Sun
EKM-FKC-ORD,EKM-FKC-ORD-T20,UP,Fort Kochi,20:39,Mon-Sun
EKM-FKC-ORD,EKM-FKC-ORD-T21,UP,Vyttila Hub,21:00,Mon-Sun
EKM-FKC-ORD,EKM-FKC-ORD-T21,UP,MG Road,21:06,Mon-Sun
EKM-FKC-ORD,EKM-FKC-ORD-T21,UP,Thevara,21:12,Mon-Sun
EKM-FKC-ORD,EKM-FKC-ORD-T21,UP,Thoppumpady,21:18,Mon-Sun
EKM-FKC-ORD,EKM-FKC-ORD-T21,UP,Fort Kochi,21:24,Mon-Sun
EKM-KKD-ORD,EKM-KKD-ORD-T01,UP,Vyttila Hub,06:00,Mon-Sun
EKM-KKD-ORD,EKM-KKD-ORD-T01,UP,Palarivattom,06:08,Mon-Sun
EKM-KKD-ORD,EKM-KKD-ORD-T01,UP,Edappally Toll,06:16,Mon-Sun
EKM-KKD-ORD,EKM-KKD-ORD-T01,UP,Vazhakkala,06:24,Mon-Sun
EKM-KKD-ORD,EKM-KKD-ORD-T01,UP,Kakkanad,06:32,Mon-Sun
EKM-KKD-ORD,EKM-KKD-ORD-T02,UP,Vyttila Hub,07:00,Mon-Sun
EKM-KKD-ORD,EKM-KKD-ORD-T02,UP,Palarivattom,07:08,Mon-Sun
EKM-KKD-ORD,EKM-KKD-ORD-T02,UP,Edappally Toll,07:16,Mon-Sun
EKM-KKD-ORD,EKM-KKD-ORD-T02,UP,Vazhakkala,07:24,Mon-Sun
EKM-KKD-ORD,EKM-KKD-ORD-T02,UP,Kakkanad,07:32,Mon-Sun
EKM-KKD-ORD,EKM-KKD-ORD-T03,UP,Vyttila Hub,08:00,Mon-Sun
EKM-KKD-ORD,EKM-KKD-ORD-T03,UP,Palarivattom,08:08,Mon-Sun
EKM-KKD-ORD,EKM-KKD-ORD-T03,UP,Edappally Toll,08:16,Mon-Sun
EKM-KKD-ORD,EKM-KKD-ORD-T03,UP,Vazhakkala,08:24,Mon-Sun
EKM-KKD-ORD,EKM-KKD-ORD-T03,UP,Kakkanad,08:32,Mon-Sun
EKM-KKD-ORD,EKM-KKD-ORD-T04,UP,Vyttila Hub,09:00,Mon-Sun
EKM-KKD-ORD,EKM-KKD-ORD-T04,UP,Palarivattom,09:08,Mon-Sun
EKM-KKD-ORD,EKM-KKD-ORD-T04,UP,Edappally Toll,09:16,Mon-Sun
EKM-KKD-ORD,EKM-KKD-ORD-T04,UP,Vazhakkala,09:24,Mon-Sun
EKM-KKD-ORD,EKM-KKD-ORD-T04,UP,Kakkanad,09:32,Mon-Sun
EKM-KKD-ORD,EKM-KKD-ORD-T05,UP,Vyttila Hub,10:00,Mon-Sun
EKM-KKD-ORD,EKM-KKD-ORD-T05,UP,Palarivattom,10:08,Mon-Sun
EKM-KKD-ORD,EKM-KKD-ORD-T05,UP,Edappally Toll,10:16,Mon-Sun
EKM-KKD-ORD,EKM-KKD-ORD-T05,UP,Vazhakkala,10:24,Mon-Sun
EKM-KKD-ORD,EKM-KKD-ORD-T05,UP,Kakkanad,10:32,Mon-Sun
EKM-KKD-ORD,EKM-KKD-ORD-T06,UP,Vyttila Hub,11:00,Mon-Sun
EKM-KKD-ORD,EKM-KKD-ORD-T06,UP,Palarivattom,11:08,Mon-Sun
EKM-KKD-ORD,EKM-KKD-ORD-T06,UP,Edappally Toll,11:16,Mon-Sun
EKM-KKD-ORD,EKM-KKD-ORD-T06,UP,Vazhakkala,11:24,Mon-Sun
EKM-KKD-ORD,EKM-KKD-ORD-T06,UP,Kakkanad,11:32,Mon-Sun
EKM-KKD-ORD,EKM-KKD-ORD-T07,UP,Vyttila Hub,12:00,Mon-Sun
EKM-KKD-ORD,EKM-KKD-ORD-T07,UP,Palarivattom,12:08,Mon-Sun
EKM-KKD-ORD,EKM-KKD-ORD-T07,UP,Edappally Toll,12:16,Mon-Sun
EKM-KKD-ORD,EKM-KKD-ORD-T07,UP,Vazhakkala,12:24,Mon-Sun
EKM-KKD-ORD,EKM-KKD-ORD-T07,UP,Kakkanad,12:32,Mon-Sun
EKM-KKD-ORD,EKM-KKD-ORD-T08,UP,Vyttila Hub,13:00,Mon-Sun
EKM-KKD-ORD,EKM-KKD-ORD-T08,UP,Palarivattom,13:08,Mon-Sun
EKM-KKD-ORD,EKM-KKD-ORD-T08,UP,Edappally Toll,13:16,Mon-Sun
EKM-KKD-ORD,EKM-KKD-ORD-T08,UP,Vazhakkala,13:24,Mon-Sun
EKM-KKD-ORD,EKM-KKD-ORD-T08,UP,Kakkanad,13:32,Mon-Sun
EKM-KKD-ORD,EKM-KKD-ORD-T09,UP,Vyttila Hub,14:00,Mon-Sun
EKM-KKD-ORD,EKM-KKD-ORD-T09,UP,Palarivattom,14:08,Mon-Sun
EKM-KKD-ORD,EKM-KKD-ORD-T09,UP,Edappally Toll,14:16,Mon-Sun
EKM-KKD-ORD,EKM-KKD-ORD-T09,UP,Vazhakkala,14:24,Mon-Sun
EKM-KKD-ORD,EKM-KKD-ORD-T09,UP,Kakkanad,14:32,Mon-Sun
EKM-KKD-ORD,EKM-KKD-ORD-T10,UP,Vyttila Hub,15:00,Mon-Sun
EKM-KKD-ORD,EKM-KKD-ORD-T10,UP,Palarivattom,15:08,Mon-Sun
EKM-KKD-ORD,EKM-KKD-ORD-T10,UP,Edappally Toll,15:16,Mon-Sun
EKM-KKD-ORD,EKM-KKD-ORD-T10,UP,Vazhakkala,15:24,Mon-Sun
EKM-KKD-ORD,EKM-KKD-ORD-T10,UP,Kakkanad,15:32,Mon-Sun
EKM-KKD-ORD,EKM-KKD-ORD-T11,UP,Vyttila Hub,16:00,Mon-Sun
EKM-KKD-ORD,EKM-KKD-ORD-T11,UP,Palarivattom,16:08,Mon-Sun
EKM-KKD-ORD,EKM-KKD-ORD-T11,UP,Edappally Toll,16:16,Mon-Sun
EKM-KKD-ORD,EKM-KKD-ORD-T11,UP,Vazhakkala,16:24,Mon-Sun
EKM-KKD-ORD,EKM-KKD-ORD-T11,UP,Kakkanad,16:32,Mon-Sun
EKM-KKD-ORD,EKM-KKD-ORD-T12,UP,Vyttila Hub,17:00,Mon-Sun
EKM-KKD-ORD,EKM-KKD-ORD-T12,UP,Palarivattom,17:08,Mon-Sun
EKM-KKD-ORD,EKM-KKD-ORD-T12,UP,Edappally Toll,17:16,Mon-Sun
EKM-KKD-ORD,EKM-KKD-ORD-T12,UP,Vazhakkala,17:24,Mon-Sun
EKM-KKD-ORD,EKM-KKD-ORD-T12,UP,Kakkanad,17:32,Mon-Sun
EKM-KKD-ORD,EKM-KKD-ORD-T13,UP,Vyttila Hub,18:00,Mon-Sun
EKM-KKD-ORD,EKM-KKD-ORD-T13,UP,Palarivattom,18:08,Mon-Sun
EKM-KKD-ORD,EKM-KKD-ORD-T13,UP,Edappally Toll,18:16,Mon-Sun
EKM-KKD-ORD,EKM-KKD-ORD-T13,UP,Vazhakkala,18:24,Mon-Sun
EKM-KKD-ORD,EKM-KKD-ORD-T13,UP,Kakkanad,18:32,Mon-Sun
EKM-KKD-ORD,EKM-KKD-ORD-T14,UP,Vyttila Hub,19:00,Mon-Sun
EKM-KKD-ORD,EKM-KKD-ORD-T14,UP,Palarivattom,19:08,Mon-Sun
EKM-KKD-ORD,EKM-KKD-ORD-T14,UP,Edappally Toll,19:16,Mon-Sun
EKM-KKD-ORD,EKM-KKD-ORD-T14,UP,Vazhakkala,19:24,Mon-Sun
EKM-KKD-ORD,EKM-KKD-ORD-T14,UP,Kakkanad,19:32,Mon-Sun
EKM-KKD-ORD,EKM-KKD-ORD-T15,UP,Vyttila Hub,20:00,Mon-Sun
EKM-KKD-ORD,EKM-KKD-ORD-T15,UP,Palarivattom,20:08,Mon-Sun
EKM-KKD-ORD,EKM-KKD-ORD-T15,UP,Edappally Toll,20:16,Mon-Sun
EKM-KKD-ORD,EKM-KKD-ORD-T15,UP,Vazhakkala,20:24,Mon-Sun
EKM-KKD-ORD,EKM-KKD-ORD-T15,UP,Kakkanad,20:32,Mon-Sun
EKM-KKD-ORD,EKM-KKD-ORD-T16,UP,Vyttila Hub,21:00,Mon-Sun
EKM-KKD-ORD,EKM-KKD-ORD-T16,UP,Palarivattom,21:08,Mon-Sun
EKM-KKD-ORD,EKM-KKD-ORD-T16,UP,Edappally Toll,21:16,Mon-Sun
EKM-KKD-ORD,EKM-KKD-ORD-T16,UP,Vazhakkala,21:24,Mon-Sun
EKM-KKD-ORD,EKM-KKD-ORD-T16,UP,Kakkanad,21:32,Mon-Sun
EKM-TPR-ORD,EKM-TPR-ORD-T01,UP,Ernakulam South,06:00,Mon-Sun
EKM-TPR-ORD,EKM-TPR-ORD-T01,UP,Vyttila Hub,06:08,Mon-Sun
EKM-TPR-ORD,EKM-TPR-ORD-T01,UP,Petta,06:16,Mon-Sun
EKM-TPR-ORD,EKM-TPR-ORD-T01,UP,SN Junction,06:24,Mon-Sun
EKM-TPR-ORD,EKM-TPR-ORD-T01,UP,Tripunithura,06:32,Mon-Sun
EKM-TPR-ORD,EKM-TPR-ORD-T02,UP,Ernakulam South,06:45,Mon-Sun
EKM-TPR-ORD,EKM-TPR-ORD-T02,UP,Vyttila Hub,06:53,Mon-Sun
EKM-TPR-ORD,EKM-TPR-ORD-T02,UP,Petta,07:01,Mon-Sun
EKM-TPR-ORD,EKM-TPR-ORD-T02,UP,SN Junction,07:09,Mon-Sun
EKM-TPR-ORD,EKM-TPR-ORD-T02,UP,Tripunithura,07:17,Mon-Sun
EKM-TPR-ORD,EKM-TPR-ORD-T03,UP,Ernakulam South,07:30,Mon-Sun
EKM-TPR-ORD,EKM-TPR-ORD-T03,UP,Vyttila Hub,07:38,Mon-Sun
EKM-TPR-ORD,EKM-TPR-ORD-T03,UP,Petta,07:46,Mon-Sun
EKM-TPR-ORD,EKM-TPR-ORD-T03,UP,SN Junction,07:54,Mon-Sun
EKM-TPR-ORD,EKM-TPR-ORD-T03,UP,Tripunithura,08:02,Mon-Sun
EKM-TPR-ORD,EKM-TPR-ORD-T04,UP,Ernakulam South,08:15,Mon-Sun
EKM-TPR-ORD,EKM-TPR-ORD-T04,UP,Vyttila Hub,08:23,Mon-Sun
EKM-TPR-ORD,EKM-TPR-ORD-T04,UP,Petta,08:31,Mon-Sun
EKM-TPR-ORD,EKM-TPR-ORD-T04,UP,SN Junction,08:39,Mon-Sun
EKM-TPR-ORD,EKM-TPR-ORD-T04,UP,Tripunithura,08:47,Mon-Sun
EKM-TPR-ORD,EKM-TPR-ORD-T05,UP,Ernakulam South,09:00,Mon-Sun
EKM-TPR-ORD,EKM-TPR-ORD-T05,UP,Vyttila Hub,09:08,Mon-Sun
EKM-TPR-ORD,EKM-TPR-ORD-T05,UP,Petta,09:16,Mon-Sun
EKM-TPR-ORD,EKM-TPR-ORD-T05,UP,SN Junction,09:24,Mon-Sun
EKM-TPR-ORD,EKM-TPR-ORD-T05,UP,Tripunithura,09:32,Mon-Sun
EKM-TPR-ORD,EKM-TPR-ORD-T06,UP,Ernakulam South,09:45,Mon-Sun
EKM-TPR-ORD,EKM-TPR-ORD-T06,UP,Vyttila Hub,09:53,Mon-Sun
EKM-TPR-ORD,EKM-TPR-ORD-T06,UP,Petta,10:01,Mon-Sun
EKM-TPR-ORD,EKM-TPR-ORD-T06,UP,SN Junction,10:09,Mon-Sun
EKM-TPR-ORD,EKM-TPR-ORD-T06,UP,Tripunithura,10:17,Mon-Sun
EKM-TPR-ORD,EKM-TPR-ORD-T07,UP,Ernakulam South,10:30,Mon-Sun
EKM-TPR-ORD,EKM-TPR-ORD-T07,UP,Vyttila Hub,10:38,Mon-Sun
EKM-TPR-ORD,EKM-TPR-ORD-T07,UP,Petta,10:46,Mon-Sun
EKM-TPR-ORD,EKM-TPR-ORD-T07,UP,SN Junction,10:54,Mon-Sun
EKM-TPR-ORD,EKM-TPR-ORD-T07,UP,Tripunithura,11:02,Mon-Sun
EKM-TPR-ORD,EKM-TPR-ORD-T08,UP,Ernakulam South,11:15,Mon-Sun
EKM-TPR-ORD,EKM-TPR-ORD-T08,UP,Vyttila Hub,11:23,Mon-Sun
EKM-TPR-ORD,EKM-TPR-ORD-T08,UP,Petta,11:31,Mon-Sun
EKM-TPR-ORD,EKM-TPR-ORD-T08,UP,SN Junction,11:39,Mon-Sun
EKM-TPR-ORD,EKM-TPR-ORD-T08,UP,Tripunithura,11:47,Mon-Sun
EKM-TPR-ORD,EKM-TPR-ORD-T09,UP,Ernakulam South,12:00,Mon-Sun
EKM-TPR-ORD,EKM-TPR-ORD-T09,UP,Vyttila Hub,12:08,Mon-Sun
EKM-TPR-ORD,EKM-TPR-ORD-T09,UP,Petta,12:16,Mon-Sun
EKM-TPR-ORD,EKM-TPR-ORD-T09,UP,SN Junction,12:24,Mon-Sun
EKM-TPR-ORD,EKM-TPR-ORD-T09,UP,Tripunithura,12:32,Mon-Sun
EKM-TPR-ORD,EKM-TPR-ORD-T10,UP,Ernakulam South,12:45,Mon-Sun
EKM-TPR-ORD,EKM-TPR-ORD-T10,UP,Vyttila Hub,12:53,Mon-Sun
EKM-TPR-ORD,EKM-TPR-ORD-T10,UP,Petta,13:01,Mon-Sun
EKM-TPR-ORD,EKM-TPR-ORD-T10,UP,SN Junction,13:09,Mon-Sun
EKM-TPR-ORD,EKM-TPR-ORD-T10,UP,Tripunithura,13:17,Mon-Sun
EKM-TPR-ORD,EKM-TPR-ORD-T11,UP,Ernakulam South,13:30,Mon-Sun
EKM-TPR-ORD,EKM-TPR-ORD-T11,UP,Vyttila Hub,13:38,Mon-Sun
EKM-TPR-ORD,EKM-TPR-ORD-T11,UP,Petta,13:46,Mon-Sun
EKM-TPR-ORD,EKM-TPR-ORD-T11,UP,SN Junction,13:54,Mon-Sun
EKM-TPR-ORD,EKM-TPR-ORD-T11,UP,Tripunithura,14:02,Mon-Sun
EKM-TPR-ORD,EKM-TPR-ORD-T12,UP,Ernakulam South,14:15,Mon-Sun
EKM-TPR-ORD,EKM-TPR-ORD-T12,UP,Vyttila Hub,14:23,Mon-Sun
EKM-TPR-ORD,EKM-TPR-ORD-T12,UP,Petta,14:31,Mon-Sun
EKM-TPR-ORD,EKM-TPR-ORD-T12,UP,SN Junction,14:39,Mon-Sun
EKM-TPR-ORD,EKM-TPR-ORD-T12,UP,Tripunithura,14:47,Mon-Sun
EKM-TPR-ORD,EKM-TPR-ORD-T13,UP,Ernakulam South,15:00,Mon-Sun
EKM-TPR-ORD,EKM-TPR-ORD-T13,UP,Vyttila Hub,15:08,Mon-Sun
EKM-TPR-ORD,EKM-TPR-ORD-T13,UP,Petta,15:16,Mon-Sun
EKM-TPR-ORD,EKM-TPR-ORD-T13,UP,SN Junction,15:24,Mon-Sun
EKM-TPR-ORD,EKM-TPR-ORD-T13,UP,Tripunithura,15:32,Mon-Sun
EKM-TPR-ORD,EKM-TPR-ORD-T14,UP,Ernakulam South,15:45,Mon-Sun
EKM-TPR-ORD,EKM-TPR-ORD-T14,UP,Vyttila Hub,15:53,Mon-Sun
EKM-TPR-ORD,EKM-TPR-ORD-T14,UP,Petta,16:01,Mon-Sun
EKM-TPR-ORD,EKM-TPR-ORD-T14,UP,SN Junction,16:09,Mon-Sun
EKM-TPR-ORD,EKM-TPR-ORD-T14,UP,Tripunithura,16:17,Mon-Sun
EKM-TPR-ORD,EKM-TPR-ORD-T15,UP,Ernakulam South,16:30,Mon-Sun
EKM-TPR-ORD,EKM-TPR-ORD-T15,UP,Vyttila Hub,16:38,Mon-Sun
EKM-TPR-ORD,EKM-TPR-ORD-T15,UP,Petta,16:46,Mon-Sun
EKM-TPR-ORD,EKM-TPR-ORD-T15,UP,SN Junction,16:54,Mon-Sun
EKM-TPR-ORD,EKM-TPR-ORD-T15,UP,Tripunithura,17:02,Mon-Sun
EKM-TPR-ORD,EKM-TPR-ORD-T16,UP,Ernakulam South,17:15,Mon-Sun
EKM-TPR-ORD,EKM-TPR-ORD-T16,UP,Vyttila Hub,17:23,Mon-Sun
EKM-TPR-ORD,EKM-TPR-ORD-T16,UP,Petta,17:31,Mon-Sun
EKM-TPR-ORD,EKM-TPR-ORD-T16,UP,SN Junction,17:39,Mon-Sun
EKM-TPR-ORD,EKM-TPR-ORD-T16,UP,Tripunithura,17:47,Mon-Sun
EKM-TPR-ORD,EKM-TPR-ORD-T17,UP,Ernakulam South,18:00,Mon-Sun
EKM-TPR-ORD,EKM-TPR-ORD-T17,UP,Vyttila Hub,18:08,Mon-Sun
EKM-TPR-ORD,EKM-TPR-ORD-T17,UP,Petta,18:16,Mon-Sun
EKM-TPR-ORD,EKM-TPR-ORD-T17,UP,SN Junction,18:24,Mon-Sun
EKM-TPR-ORD,EKM-TPR-ORD-T17,UP,Tripunithura,18:32,Mon-Sun
EKM-TPR-ORD,EKM-TPR-ORD-T18,UP,Ernakulam South,18:45,Mon-Sun
EKM-TPR-ORD,EKM-TPR-ORD-T18,UP,Vyttila Hub,18:53,Mon-Sun
EKM-TPR-ORD,EKM-TPR-ORD-T18,UP,Petta,19:01,Mon-Sun
EKM-TPR-ORD,EKM-TPR-ORD-T18,UP,SN Junction,19:09,Mon-Sun
EKM-TPR-ORD,EKM-TPR-ORD-T18,UP,Tripunithura,19:17,Mon-Sun
EKM-TPR-ORD,EKM-TPR-ORD-T19,UP,Ernakulam South,19:30,Mon-Sun
EKM-TPR-ORD,EKM-TPR-ORD-T19,UP,Vyttila Hub,19:38,Mon-Sun
EKM-TPR-ORD,EKM-TPR-ORD-T19,UP,Petta,19:46,Mon-Sun
EKM-TPR-ORD,EKM-TPR-ORD-T19,UP,SN Junction,19:54,Mon-Sun
EKM-TPR-ORD,EKM-TPR-ORD-T19,UP,Tripunithura,20:02,Mon-Sun
EKM-TPR-ORD,EKM-TPR-ORD-T20,UP,Ernakulam South,20:15,Mon-Sun
EKM-TPR-ORD,EKM-TPR-ORD-T20,UP,Vyttila Hub,20:23,Mon-Sun
EKM-TPR-ORD,EKM-TPR-ORD-T20,UP,Petta,20:31,Mon-Sun
EKM-TPR-ORD,EKM-TPR-ORD-T20,UP,SN Junction,20:39,Mon-Sun
EKM-TPR-ORD,EKM-TPR-ORD-T20,UP,Tripunithura,20:47,Mon-Sun
EKM-TPR-ORD,EKM-TPR-ORD-T21,UP,Ernakulam South,21:00,Mon-Sun
EKM-TPR-ORD,EKM-TPR-ORD-T21,UP,Vyttila Hub,21:08,Mon-Sun
EKM-TPR-ORD,EKM-TPR-ORD-T21,UP,Petta,21:16,Mon-Sun
EKM-TPR-ORD,EKM-TPR-ORD-T21,UP,SN Junction,21:24,Mon-Sun
EKM-TPR-ORD,EKM-TPR-ORD-T21,UP,Tripunithura,21:32,Mon-Sun
EKM-VPN-ORD,EKM-VPN-ORD-T01,UP,High Court,06:00,Mon-Sun
EKM-VPN-ORD,EKM-VPN-ORD-T01,UP,Goshree Bridge,06:10,Mon-Sun
EKM-VPN-ORD,EKM-VPN-ORD-T01,UP,Vallarpadam,06:20,Mon-Sun
EKM-VPN-ORD,EKM-VPN-ORD-T01,UP,Narakkal,06:30,Mon-Sun
EKM-VPN-ORD,EKM-VPN-ORD-T01,UP,Vypin,06:40,Mon-Sun
EKM-VPN-ORD,EKM-VPN-ORD-T02,UP,High Court,07:00,Mon-Sun
EKM-VPN-ORD,EKM-VPN-ORD-T02,UP,Goshree Bridge,07:10,Mon-Sun
EKM-VPN-ORD,EKM-VPN-ORD-T02,UP,Vallarpadam,07:20,Mon-Sun
EKM-VPN-ORD,EKM-VPN-ORD-T02,UP,Narakkal,07:30,Mon-Sun
EKM-VPN-ORD,EKM-VPN-ORD-T02,UP,Vypin,07:40,Mon-Sun
EKM-VPN-ORD,EKM-VPN-ORD-T03,UP,High Court,08:00,Mon-Sun
EKM-VPN-ORD,EKM-VPN-ORD-T03,UP,Goshree Bridge,08:10,Mon-Sun
EKM-VPN-ORD,EKM-VPN-ORD-T03,UP,Vallarpadam,08:20,Mon-Sun
EKM-VPN-ORD,EKM-VPN-ORD-T03,UP,Narakkal,08:30,Mon-Sun
EKM-VPN-ORD,EKM-VPN-ORD-T03,UP,Vypin,08:40,Mon-Sun
EKM-VPN-ORD,EKM-VPN-ORD-T04,UP,High Court,09:00,Mon-Sun
EKM-VPN-ORD,EKM-VPN-ORD-T04,UP,Goshree Bridge,09:10,Mon-Sun
EKM-VPN-ORD,EKM-VPN-ORD-T04,UP,Vallarpadam,09:20,Mon-Sun
EKM-VPN-ORD,EKM-VPN-ORD-T04,UP,Narakkal,09:30,Mon-Sun
EKM-VPN-ORD,EKM-VPN-ORD-T04,UP,Vypin,09:40,Mon-Sun
EKM-VPN-ORD,EKM-VPN-ORD-T05,UP,High Court,10:00,Mon-Sun
EKM-VPN-ORD,EKM-VPN-ORD-T05,UP,Goshree Bridge,10:10,Mon-Sun
EKM-VPN-ORD,EKM-VPN-ORD-T05,UP,Vallarpadam,10:20,Mon-Sun
EKM-VPN-ORD,EKM-VPN-ORD-T05,UP,Narakkal,10:30,Mon-Sun
EKM-VPN-ORD,EKM-VPN-ORD-T05,UP,Vypin,10:40,Mon-Sun
EKM-VPN-ORD,EKM-VPN-ORD-T06,UP,High Court,11:00,Mon-Sun
EKM-VPN-ORD,EKM-VPN-ORD-T06,UP,Goshree Bridge,11:10,Mon-Sun
EKM-VPN-ORD,EKM-VPN-ORD-T06,UP,Vallarpadam,11:20,Mon-Sun
EKM-VPN-ORD,EKM-VPN-ORD-T06,UP,Narakkal,11:30,Mon-Sun
EKM-VPN-ORD,EKM-VPN-ORD-T06,UP,Vypin,11:40,Mon-Sun
EKM-VPN-ORD,EKM-VPN-ORD-T07,UP,High Court,12:00,Mon-Sun
EKM-VPN-ORD,EKM-VPN-ORD-T07,UP,Goshree Bridge,12:10,Mon-Sun
EKM-VPN-ORD,EKM-VPN-ORD-T07,UP,Vallarpadam,12:20,Mon-Sun
EKM-VPN-ORD,EKM-VPN-ORD-T07,UP,Narakkal,12:30,Mon-Sun
EKM-VPN-ORD,EKM-VPN-ORD-T07,UP,Vypin,12:40,Mon-Sun
EKM-VPN-ORD,EKM-VPN-ORD-T08,UP,High Court,13:00,Mon-Sun
EKM-VPN-ORD,EKM-VPN-ORD-T08,UP,Goshree Bridge,13:10,Mon-Sun
EKM-VPN-ORD,EKM-VPN-ORD-T08,UP,Vallarpadam,13:20,Mon-Sun
EKM-VPN-ORD,EKM-VPN-ORD-T08,UP,Narakkal,13:30,Mon-Sun
EKM-VPN-ORD,EKM-VPN-ORD-T08,UP,Vypin,13:40,Mon-Sun
EKM-VPN-ORD,EKM-VPN-ORD-T09,UP,High Court,14:00,Mon-Sun
EKM-VPN-ORD,EKM-VPN-ORD-T09,UP,Goshree Bridge,14:10,Mon-Sun
EKM-VPN-ORD,EKM-VPN-ORD-T09,UP,Vallarpadam,14:20,Mon-Sun
EKM-VPN-ORD,EKM-VPN-ORD-T09,UP,Narakkal,14:30,Mon-Sun
EKM-VPN-ORD,EKM-VPN-ORD-T09,UP,Vypin,14:40,Mon-Sun
EKM-VPN-ORD,EKM-VPN-ORD-T10,UP,High Court,15:00,Mon-Sun
EKM-VPN-ORD,EKM-VPN-ORD-T10,UP,Goshree Bridge,15:10,Mon-Sun
EKM-VPN-ORD,EKM-VPN-ORD-T10,UP,Vallarpadam,15:20,Mon-Sun
EKM-VPN-ORD,EKM-VPN-ORD-T10,UP,Narakkal,15:30,Mon-Sun
EKM-VPN-ORD,EKM-VPN-ORD-T10,UP,Vypin,15:40,Mon-Sun
EKM-VPN-ORD,EKM-VPN-ORD-T11,UP,High Court,16:00,Mon-Sun
EKM-VPN-ORD,EKM-VPN-ORD-T11,UP,Goshree Bridge,16:10,Mon-Sun
EKM-VPN-ORD,EKM-VPN-ORD-T11,UP,Vallarpadam,16:20,Mon-Sun
EKM-VPN-ORD,EKM-VPN-ORD-T11,UP,Narakkal,16:30,Mon-Sun
EKM-VPN-ORD,EKM-VPN-ORD-T11,UP,Vypin,16:40,Mon-Sun
EKM-VPN-ORD,EKM-VPN-ORD-T12,UP,High Court,17:00,Mon-Sun
EKM-VPN-ORD,EKM-VPN-ORD-T12,UP,Goshree Bridge,17:10,Mon-Sun
EKM-VPN-ORD,EKM-VPN-ORD-T12,UP,Vallarpadam,17:20,Mon-Sun
EKM-VPN-ORD,EKM-VPN-ORD-T12,UP,Narakkal,17:30,Mon-Sun
EKM-VPN-ORD,EKM-VPN-ORD-T12,UP,Vypin,17:40,Mon-Sun
EKM-VPN-ORD,EKM-VPN-ORD-T13,UP,High Court,18:00,Mon-Sun
EKM-VPN-ORD,EKM-VPN-ORD-T13,UP,Goshree Bridge,18:10,Mon-Sun
EKM-VPN-ORD,EKM-VPN-ORD-T13,UP,Vallarpadam,18:20,Mon-Sun
EKM-VPN-ORD,EKM-VPN-ORD-T13,UP,Narakkal,18:30,Mon-Sun
EKM-VPN-ORD,EKM-VPN-ORD-T13,UP,Vypin,18:40,Mon-Sun
EKM-VPN-ORD,EKM-VPN-ORD-T14,UP,High Court,19:00,Mon-Sun
EKM-VPN-ORD,EKM-VPN-ORD-T14,UP,Goshree Bridge,19:10,Mon-Sun
EKM-VPN-ORD,EKM-VPN-ORD-T14,UP,Vallarpadam,19:20,Mon-Sun
EKM-VPN-ORD,EKM-VPN-ORD-T14,UP,Narakkal,19:30,Mon-Sun
EKM-VPN-ORD,EKM-VPN-ORD-T14,UP,Vypin,19:40,Mon-Sun
EKM-VPN-ORD,EKM-VPN-ORD-T15,UP,High Court,20:00,Mon-Sun
EKM-VPN-ORD,EKM-VPN-ORD-T15,UP,Goshree Bridge,20:10,Mon-Sun
EKM-VPN-ORD,EKM-VPN-ORD-T15,UP,Vallarpadam,20:20,Mon-Sun
EKM-VPN-ORD,EKM-VPN-ORD-T15,UP,Narakkal,20:30,Mon-Sun
EKM-VPN-ORD,EKM-VPN-ORD-T15,UP,Vypin,20:40,Mon-Sun
EKM-VPN-ORD,EKM-VPN-ORD-T16,UP,High Court,21:00,Mon-Sun
EKM-VPN-ORD,EKM-VPN-ORD-T16,UP,Goshree Bridge,21:10,Mon-Sun
EKM-VPN-ORD,EKM-VPN-ORD-T16,UP,Vallarpadam,21:20,Mon-Sun
EKM-VPN-ORD,EKM-VPN-ORD-T16,UP,Narakkal,21:30,Mon-Sun
EKM-VPN-ORD,EKM-VPN-ORD-T16,UP,Vypin,21:40,Mon-Sun
EKM-KTM-FP,EKM-KTM-FP-T01,UP,Vyttila Hub,06:00,Mon-Sun
EKM-KTM-FP,EKM-KTM-FP-T01,UP,Tripunithura,06:10,Mon-Sun
EKM-KTM-FP,EKM-KTM-FP-T01,UP,Mulanthuruthy,06:20,Mon-Sun
EKM-KTM-FP,EKM-KTM-FP-T01,UP,Piravom,06:30,Mon-Sun
EKM-KTM-FP,EKM-KTM-FP-T01,UP,Kottayam,06:40,Mon-Sun
EKM-KTM-FP,EKM-KTM-FP-T02,UP,Vyttila Hub,06:30,Mon-Sun
EKM-KTM-FP,EKM-KTM-FP-T02,UP,Tripunithura,06:40,Mon-Sun
EKM-KTM-FP,EKM-KTM-FP-T02,UP,Mulanthuruthy,06:50,Mon-Sun
EKM-KTM-FP,EKM-KTM-FP-T02,UP,Piravom,07:00,Mon-Sun
EKM-KTM-FP,EKM-KTM-FP-T02,UP,Kottayam,07:10,Mon-Sun
EKM-KTM-FP,EKM-KTM-FP-T03,UP,Vyttila Hub,07:00,Mon-Sun
EKM-KTM-FP,EKM-KTM-FP-T03,UP,Tripunithura,07:10,Mon-Sun
EKM-KTM-FP,EKM-KTM-FP-T03,UP,Mulanthuruthy,07:20,Mon-Sun
EKM-KTM-FP,EKM-KTM-FP-T03,UP,Piravom,07:30,Mon-Sun
EKM-KTM-FP,EKM-KTM-FP-T03,UP,Kottayam,07:40,Mon-Sun
EKM-KTM-FP,EKM-KTM-FP-T04,UP,Vyttila Hub,07:30,Mon-Sun
EKM-KTM-FP,EKM-KTM-FP-T04,UP,Tripunithura,07:40,Mon-Sun
EKM-KTM-FP,EKM-KTM-FP-T04,UP,Mulanthuruthy,07:50,Mon-Sun
EKM-KTM-FP,EKM-KTM-FP-T04,UP,Piravom,08:00,Mon-Sun
EKM-KTM-FP,EKM-KTM-FP-T04,UP,Kottayam,08:10,Mon-Sun
EKM-KTM-FP,EKM-KTM-FP-T05,UP,Vyttila Hub,08:00,Mon-Sun
EKM-KTM-FP,EKM-KTM-FP-T05,UP,Tripunithura,08:10,Mon-Sun
EKM-KTM-FP,EKM-KTM-FP-T05,UP,Mulanthuruthy,08:20,Mon-Sun
EKM-KTM-FP,EKM-KTM-FP-T05,UP,Piravom,08:30,Mon-Sun
EKM-KTM-FP,EKM-KTM-FP-T05,UP,Kottayam,08:40,Mon-Sun
EKM-KTM-FP,EKM-KTM-FP-T06,UP,Vyttila Hub,08:30,Mon-Sun
EKM-KTM-FP,EKM-KTM-FP-T06,UP,Tripunithura,08:40,Mon-Sun
EKM-KTM-FP,EKM-KTM-FP-T06,UP,Mulanthuruthy,08:50,Mon-Sun
EKM-KTM-FP,EKM-KTM-FP-T06,UP,Piravom,09:00,Mon-Sun
EKM-KTM-FP,EKM-KTM-FP-T06,UP,Kottayam,09:10,Mon-Sun
EKM-KTM-FP,EKM-KTM-FP-T07,UP,Vyttila Hub,09:00,Mon-Sun
EKM-KTM-FP,EKM-KTM-FP-T07,UP,Tripunithura,09:10,Mon-Sun
EKM-KTM-FP,EKM-KTM-FP-T07,UP,Mulanthuruthy,09:20,Mon-Sun
EKM-KTM-FP,EKM-KTM-FP-T07,UP,Piravom,09:30,Mon-Sun
EKM-KTM-FP,EKM-KTM-FP-T07,UP,Kottayam,09:40,Mon-Sun
EKM-KTM-FP,EKM-KTM-FP-T08,UP,Vyttila Hub,09:30,Mon-Sun
EKM-KTM-FP,EKM-KTM-FP-T08,UP,Tripunithura,09:40,Mon-Sun
EKM-KTM-FP,EKM-KTM-FP-T08,UP,Mulanthuruthy,09:50,Mon-Sun
EKM-KTM-FP,EKM-KTM-FP-T08,UP,Piravom,10:00,Mon-Sun
EKM-KTM-FP,EKM-KTM-FP-T08,UP,Kottayam,10:10,Mon-Sun
EKM-KTM-FP,EKM-KTM-FP-T09,UP,Vyttila Hub,10:00,Mon-Sun
EKM-KTM-FP,EKM-KTM-FP-T09,UP,Tripunithura,10:10,Mon-Sun
EKM-KTM-FP,EKM-KTM-FP-T09,UP,Mulanthuruthy,10:20,Mon-Sun
EKM-KTM-FP,EKM-KTM-FP-T09,UP,Piravom,10:30,Mon-Sun
EKM-KTM-FP,EKM-KTM-FP-T09,UP,Kottayam,10:40,Mon-Sun
EKM-KTM-FP,EKM-KTM-FP-T10,UP,Vyttila Hub,10:30,Mon-Sun
EKM-KTM-FP,EKM-KTM-FP-T10,UP,Tripunithura,10:40,Mon-Sun
EKM-KTM-FP,EKM-KTM-FP-T10,UP,Mulanthuruthy,10:50,Mon-Sun
EKM-KTM-FP,EKM-KTM-FP-T10,UP,Piravom,11:00,Mon-Sun
EKM-KTM-FP,EKM-KTM-FP-T10,UP,Kottayam,11:10,Mon-Sun
EKM-KTM-FP,EKM-KTM-FP-T11,UP,Vyttila Hub,11:00,Mon-Sun
EKM-KTM-FP,EKM-KTM-FP-T11,UP,Tripunithura,11:10,Mon-Sun
EKM-KTM-FP,EKM-KTM-FP-T11,UP,Mulanthuruthy,11:20,Mon-Sun
EKM-KTM-FP,EKM-KTM-FP-T11,UP,Piravom,11:30,Mon-Sun
EKM-KTM-FP,EKM-KTM-FP-T11,UP,Kottayam,11:40,Mon-Sun
EKM-KTM-FP,EKM-KTM-FP-T12,UP,Vyttila Hub,11:30,Mon-Sun
EKM-KTM-FP,EKM-KTM-FP-T12,UP,Tripunithura,11:40,Mon-Sun
EKM-KTM-FP,EKM-KTM-FP-T12,UP,Mulanthuruthy,11:50,Mon-Sun
EKM-KTM-FP,EKM-KTM-FP-T12,UP,Piravom,12:00,Mon-Sun
EKM-KTM-FP,EKM-KTM-FP-T12,UP,Kottayam,12:10,Mon-Sun
EKM-KTM-FP,EKM-KTM-FP-T13,UP,Vyttila Hub,12:00,Mon-Sun
EKM-KTM-FP,EKM-KTM-FP-T13,UP,Tripunithura,12:10,Mon-Sun
EKM-KTM-FP,EKM-KTM-FP-T13,UP,Mulanthuruthy,12:20,Mon-Sun
EKM-KTM-FP,EKM-KTM-FP-T13,UP,Piravom,12:30,Mon-Sun
EKM-KTM-FP,EKM-KTM-FP-T13,UP,Kottayam,12:40,Mon-Sun
EKM-KTM-FP,EKM-KTM-FP-T14,UP,Vyttila Hub,12:30,Mon-Sun
EKM-KTM-FP,EKM-KTM-FP-T14,UP,Tripunithura,12:40,Mon-Sun
EKM-KTM-FP,EKM-KTM-FP-T14,UP,Mulanthuruthy,12:50,Mon-Sun
EKM-KTM-FP,EKM-KTM-FP-T14,UP,Piravom,13:00,Mon-Sun
EKM-KTM-FP,EKM-KTM-FP-T14,UP,Kottayam,13:10,Mon-Sun
EKM-KTM-FP,EKM-KTM-FP-T15,UP,Vyttila Hub,13:00,Mon-Sun
EKM-KTM-FP,EKM-KTM-FP-T15,UP,Tripunithura,13:10,Mon-Sun
EKM-KTM-FP,EKM-KTM-FP-T15,UP,Mulanthuruthy,13:20,Mon-Sun
EKM-KTM-FP,EKM-KTM-FP-T15,UP,Piravom,13:30,Mon-Sun
EKM-KTM-FP,EKM-KTM-FP-T15,UP,Kottayam,13:40,Mon-Sun
EKM-KTM-FP,EKM-KTM-FP-T16,UP,Vyttila Hub,13:30,Mon-Sun
EKM-KTM-FP,EKM-KTM-FP-T16,UP,Tripunithura,13:40,Mon-Sun
EKM-KTM-FP,EKM-KTM-FP-T16,UP,Mulanthuruthy,13:50,Mon-Sun
EKM-KTM-FP,EKM-KTM-FP-T16,UP,Piravom,14:00,Mon-Sun
EKM-KTM-FP,EKM-KTM-FP-T16,UP,Kottayam,14:10,Mon-Sun
EKM-KTM-FP,EKM-KTM-FP-T17,UP,Vyttila Hub,14:00,Mon-Sun
EKM-KTM-FP,EKM-KTM-FP-T17,UP,Tripunithura,14:10,Mon-Sun
EKM-KTM-FP,EKM-KTM-FP-T17,UP,Mulanthuruthy,14:20,Mon-Sun
EKM-KTM-FP,EKM-KTM-FP-T17,UP,Piravom,14:30,Mon-Sun
EKM-KTM-FP,EKM-KTM-FP-T17,UP,Kottayam,14:40,Mon-Sun
EKM-KTM-FP,EKM-KTM-FP-T18,UP,Vyttila Hub,14:30,Mon-Sun
EKM-KTM-FP,EKM-KTM-FP-T18,UP,Tripunithura,14:40,Mon-Sun
EKM-KTM-FP,EKM-KTM-FP-T18,UP,Mulanthuruthy,14:50,Mon-Sun
EKM-KTM-FP,EKM-KTM-FP-T18,UP,Piravom,15:00,Mon-Sun
EKM-KTM-FP,EKM-KTM-FP-T18,UP,Kottayam,15:10,Mon-Sun
EKM-KTM-FP,EKM-KTM-FP-T19,UP,Vyttila Hub,15:00,Mon-Sun
EKM-KTM-FP,EKM-KTM-FP-T19,UP,Tripunithura,15:10,Mon-Sun
EKM-KTM-FP,EKM-KTM-FP-T19,UP,Mulanthuruthy,15:20,Mon-Sun
EKM-KTM-FP,EKM-KTM-FP-T19,UP,Piravom,15:30,Mon-Sun
EKM-KTM-FP,EKM-KTM-FP-T19,UP,Kottayam,15:40,Mon-Sun
EKM-KTM-FP,EKM-KTM-FP-T20,UP,Vyttila Hub,15:30,Mon-Sun
EKM-KTM-FP,EKM-KTM-FP-T20,UP,Tripunithura,15:40,Mon-Sun
EKM-KTM-FP,EKM-KTM-FP-T20,UP,Mulanthuruthy,15:50,Mon-Sun
EKM-KTM-FP,EKM-KTM-FP-T20,UP,Piravom,16:00,Mon-Sun
EKM-KTM-FP,EKM-KTM-FP-T20,UP,Kottayam,16:10,Mon-Sun
EKM-KTM-FP,EKM-KTM-FP-T21,UP,Vyttila Hub,16:00,Mon-Sun
EKM-KTM-FP,EKM-KTM-FP-T21,UP,Tripunithura,16:10,Mon-Sun
EKM-KTM-FP,EKM-KTM-FP-T21,UP,Mulanthuruthy,16:20,Mon-Sun
EKM-KTM-FP,EKM-KTM-FP-T21,UP,Piravom,16:30,Mon-Sun
EKM-KTM-FP,EKM-KTM-FP-T21,UP,Kottayam,16:40,Mon-Sun
EKM-KTM-FP,EKM-KTM-FP-T22,UP,Vyttila Hub,16:30,Mon-Sun
EKM-KTM-FP,EKM-KTM-FP-T22,UP,Tripunithura,16:40,Mon-Sun
EKM-KTM-FP,EKM-KTM-FP-T22,UP,Mulanthuruthy,16:50,Mon-Sun
EKM-KTM-FP,EKM-KTM-FP-T22,UP,Piravom,17:00,Mon-Sun
EKM-KTM-FP,EKM-KTM-FP-T22,UP,Kottayam,17:10,Mon-Sun
EKM-KTM-FP,EKM-KTM-FP-T23,UP,Vyttila Hub,17:00,Mon-Sun
EKM-KTM-FP,EKM-KTM-FP-T23,UP,Tripunithura,17:10,Mon-Sun
EKM-KTM-FP,EKM-KTM-FP-T23,UP,Mulanthuruthy,17:20,Mon-Sun
EKM-KTM-FP,EKM-KTM-FP-T23,UP,Piravom,17:30,Mon-Sun
EKM-KTM-FP,EKM-KTM-FP-T23,UP,Kottayam,17:40,Mon-Sun
EKM-KTM-FP,EKM-KTM-FP-T24,UP,Vyttila Hub,17:30,Mon-Sun
EKM-KTM-FP,EKM-KTM-FP-T24,UP,Tripunithura,17:40,Mon-Sun
EKM-KTM-FP,EKM-KTM-FP-T24,UP,Mulanthuruthy,17:50,Mon-Sun
EKM-KTM-FP,EKM-KTM-FP-T24,UP,Piravom,18:00,Mon-Sun
EKM-KTM-FP,EKM-KTM-FP-T24,UP,Kottayam,18:10,Mon-Sun
EKM-KTM-FP,EKM-KTM-FP-T25,UP,Vyttila Hub,18:00,Mon-Sun
EKM-KTM-FP,EKM-KTM-FP-T25,UP,Tripunithura,18:10,Mon-Sun
EKM-KTM-FP,EKM-KTM-FP-T25,UP,Mulanthuruthy,18:20,Mon-Sun
EKM-KTM-FP,EKM-KTM-FP-T25,UP,Piravom,18:30,Mon-Sun
EKM-KTM-FP,EKM-KTM-FP-T25,UP,Kottayam,18:40,Mon-Sun
EKM-KTM-FP,EKM-KTM-FP-T26,UP,Vyttila Hub,18:30,Mon-Sun
EKM-KTM-FP,EKM-KTM-FP-T26,UP,Tripunithura,18:40,Mon-Sun
EKM-KTM-FP,EKM-KTM-FP-T26,UP,Mulanthuruthy,18:50,Mon-Sun
EKM-KTM-FP,EKM-KTM-FP-T26,UP,Piravom,19:00,Mon-Sun
EKM-KTM-FP,EKM-KTM-FP-T26,UP,Kottayam,19:10,Mon-Sun
EKM-KTM-FP,EKM-KTM-FP-T27,UP,Vyttila Hub,19:00,Mon-Sun
EKM-KTM-FP,EKM-KTM-FP-T27,UP,Tripunithura,19:10,Mon-Sun
EKM-KTM-FP,EKM-KTM-FP-T27,UP,Mulanthuruthy,19:20,Mon-Sun
EKM-KTM-FP,EKM-KTM-FP-T27,UP,Piravom,19:30,Mon-Sun
EKM-KTM-FP,EKM-KTM-FP-T27,UP,Kottayam,19:40,Mon-Sun
EKM-KTM-FP,EKM-KTM-FP-T28,UP,Vyttila Hub,19:30,Mon-Sun
EKM-KTM-FP,EKM-KTM-FP-T28,UP,Tripunithura,19:40,Mon-Sun
EKM-KTM-FP,EKM-KTM-FP-T28,UP,Mulanthuruthy,19:50,Mon-Sun
EKM-KTM-FP,EKM-KTM-FP-T28,UP,Piravom,20:00,Mon-Sun
EKM-KTM-FP,EKM-KTM-FP-T28,UP,Kottayam,20:10,Mon-Sun
EKM-KTM-FP,EKM-KTM-FP-T29,UP,Vyttila Hub,20:00,Mon-Sun
EKM-KTM-FP,EKM-KTM-FP-T29,UP,Tripunithura,20:10,Mon-Sun
EKM-KTM-FP,EKM-KTM-FP-T29,UP,Mulanthuruthy,20:20,Mon-Sun
EKM-KTM-FP,EKM-KTM-FP-T29,UP,Piravom,20:30,Mon-Sun
EKM-KTM-FP,EKM-KTM-FP-T29,UP,Kottayam,20:40,Mon-Sun
EKM-KTM-FP,EKM-KTM-FP-T30,UP,Vyttila Hub,20:30,Mon-Sun
EKM-KTM-FP,EKM-KTM-FP-T30,UP,Tripunithura,20:40,Mon-Sun
EKM-KTM-FP,EKM-KTM-FP-T30,UP,Mulanthuruthy,20:50,Mon-Sun
EKM-KTM-FP,EKM-KTM-FP-T30,UP,Piravom,21:00,Mon-Sun
EKM-KTM-FP,EKM-KTM-FP-T30,UP,Kottayam,21:10,Mon-Sun
EKM-KTM-FP,EKM-KTM-FP-T31,UP,Vyttila Hub,21:00,Mon-Sun
EKM-KTM-FP,EKM-KTM-FP-T31,UP,Tripunithura,21:10,Mon-Sun
EKM-KTM-FP,EKM-KTM-FP-T31,UP,Mulanthuruthy,21:20,Mon-Sun
EKM-KTM-FP,EKM-KTM-FP-T31,UP,Piravom,21:30,Mon-Sun
EKM-KTM-FP,EKM-KTM-FP-T31,UP,Kottayam,21:40,Mon-Sun
ALV-ANG-ORD,ALV-ANG-ORD-T01,UP,Aluva,06:00,Mon-Sun
ALV-ANG-ORD,ALV-ANG-ORD-T01,UP,Desom,06:06,Mon-Sun
ALV-ANG-ORD,ALV-ANG-ORD-T01,UP,Athani,06:12,Mon-Sun
ALV-ANG-ORD,ALV-ANG-ORD-T01,UP,Karukutty,06:18,Mon-Sun
ALV-ANG-ORD,ALV-ANG-ORD-T01,UP,Angamaly,06:24,Mon-Sun
ALV-ANG-ORD,ALV-ANG-ORD-T02,UP,Aluva,06:45,Mon-Sun
ALV-ANG-ORD,ALV-ANG-ORD-T02,UP,Desom,06:51,Mon-Sun
ALV-ANG-ORD,ALV-ANG-ORD-T02,UP,Athani,06:57,Mon-Sun
ALV-ANG-ORD,ALV-ANG-ORD-T02,UP,Karukutty,07:03,Mon-Sun
ALV-ANG-ORD,ALV-ANG-ORD-T02,UP,Angamaly,07:09,Mon-Sun
ALV-ANG-ORD,ALV-ANG-ORD-T03,UP,Aluva,07:30,Mon-Sun
ALV-ANG-ORD,ALV-ANG-ORD-T03,UP,Desom,07:36,Mon-Sun
ALV-ANG-ORD,ALV-ANG-ORD-T03,UP,Athani,07:42,Mon-Sun
ALV-ANG-ORD,ALV-ANG-ORD-T03,UP,Karukutty,07:48,Mon-Sun
ALV-ANG-ORD,ALV-ANG-ORD-T03,UP,Angamaly,07:54,Mon-Sun
ALV-ANG-ORD,ALV-ANG-ORD-T04,UP,Aluva,08:15,Mon-Sun
ALV-ANG-ORD,ALV-ANG-ORD-T04,UP,Desom,08:21,Mon-Sun
ALV-ANG-ORD,ALV-ANG-ORD-T04,UP,Athani,08:27,Mon-Sun
ALV-ANG-ORD,ALV-ANG-ORD-T04,UP,Karukutty,08:33,Mon-Sun
ALV-ANG-ORD,ALV-ANG-ORD-T04,UP,Angamaly,08:39,Mon-Sun
ALV-ANG-ORD,ALV-ANG-ORD-T05,UP,Aluva,09:00,Mon-Sun
ALV-ANG-ORD,ALV-ANG-ORD-T05,UP,Desom,09:06,Mon-Sun
ALV-ANG-ORD,ALV-ANG-ORD-T05,UP,Athani,09:12,Mon-Sun
ALV-ANG-ORD,ALV-ANG-ORD-T05,UP,Karukutty,09:18,Mon-Sun
ALV-ANG-ORD,ALV-ANG-ORD-T05,UP,Angamaly,09:24,Mon-Sun
ALV-ANG-ORD,ALV-ANG-ORD-T06,UP,Aluva,09:45,Mon-Sun
ALV-ANG-ORD,ALV-ANG-ORD-T06,UP,Desom,09:51,Mon-Sun
ALV-ANG-ORD,ALV-ANG-ORD-T06,UP,Athani,09:57,Mon-Sun
ALV-ANG-ORD,ALV-ANG-ORD-T06,UP,Karukutty,10:03,Mon-Sun
ALV-ANG-ORD,ALV-ANG-ORD-T06,UP,Angamaly,10:09,Mon-Sun
ALV-ANG-ORD,ALV-ANG-ORD-T07,UP,Aluva,10:30,Mon-Sun
ALV-ANG-ORD,ALV-ANG-ORD-T07,UP,Desom,10:36,Mon-Sun
ALV-ANG-ORD,ALV-ANG-ORD-T07,UP,Athani,10:42,Mon-Sun
ALV-ANG-ORD,ALV-ANG-ORD-T07,UP,Karukutty,10:48,Mon-Sun
ALV-ANG-ORD,ALV-ANG-ORD-T07,UP,Angamaly,10:54,Mon-Sun
ALV-ANG-ORD,ALV-ANG-ORD-T08,UP,Aluva,11:15,Mon-Sun
ALV-ANG-ORD,ALV-ANG-ORD-T08,UP,Desom,11:21,Mon-Sun
ALV-ANG-ORD,ALV-ANG-ORD-T08,UP,Athani,11:27,Mon-Sun
ALV-ANG-ORD,ALV-ANG-ORD-T08,UP,Karukutty,11:33,Mon-Sun
ALV-ANG-ORD,ALV-ANG-ORD-T08,UP,Angamaly,11:39,Mon-Sun
ALV-ANG-ORD,ALV-ANG-ORD-T09,UP,Aluva,12:00,Mon-Sun
ALV-ANG-ORD,ALV-ANG-ORD-T09,UP,Desom,12:06,Mon-Sun
ALV-ANG-ORD,ALV-ANG-ORD-T09,UP,Athani,12:12,Mon-Sun
ALV-ANG-ORD,ALV-ANG-ORD-T09,UP,Karukutty,12:18,Mon-Sun
ALV-ANG-ORD,ALV-ANG-ORD-T09,UP,Angamaly,12:24,Mon-Sun
ALV-ANG-ORD,ALV-ANG-ORD-T10,UP,Aluva,12:45,Mon-Sun
ALV-ANG-ORD,ALV-ANG-ORD-T10,UP,Desom,12:51,Mon-Sun
ALV-ANG-ORD,ALV-ANG-ORD-T10,UP,Athani,12:57,Mon-Sun
ALV-ANG-ORD,ALV-ANG-ORD-T10,UP,Karukutty,13:03,Mon-Sun
ALV-ANG-ORD,ALV-ANG-ORD-T10,UP,Angamaly,13:09,Mon-Sun
ALV-ANG-ORD,ALV-ANG-ORD-T11,UP,Aluva,13:30,Mon-Sun
ALV-ANG-ORD,ALV-ANG-ORD-T11,UP,Desom,13:36,Mon-Sun
ALV-ANG-ORD,ALV-ANG-ORD-T11,UP,Athani,13:42,Mon-Sun
ALV-ANG-ORD,ALV-ANG-ORD-T11,UP,Karukutty,13:48,Mon-Sun
ALV-ANG-ORD,ALV-ANG-ORD-T11,UP,Angamaly,13:54,Mon-Sun
ALV-ANG-ORD,ALV-ANG-ORD-T12,UP,Aluva,14:15,Mon-Sun
ALV-ANG-ORD,ALV-ANG-ORD-T12,UP,Desom,14:21,Mon-Sun
ALV-ANG-ORD,ALV-ANG-ORD-T12,UP,Athani,14:27,Mon-Sun
ALV-ANG-ORD,ALV-ANG-ORD-T12,UP,Karukutty,14:33,Mon-Sun
ALV-ANG-ORD,ALV-ANG-ORD-T12,UP,Angamaly,14:39,Mon-Sun
ALV-ANG-ORD,ALV-ANG-ORD-T13,UP,Aluva,15:00,Mon-Sun
ALV-ANG-ORD,ALV-ANG-ORD-T13,UP,Desom,15:06,Mon-Sun
ALV-ANG-ORD,ALV-ANG-ORD-T13,UP,Athani,15:12,Mon-Sun
ALV-ANG-ORD,ALV-ANG-ORD-T13,UP,Karukutty,15:18,Mon-Sun
ALV-ANG-ORD,ALV-ANG-ORD-T13,UP,Angamaly,15:24,Mon-Sun
ALV-ANG-ORD,ALV-ANG-ORD-T14,UP,Aluva,15:45,Mon-Sun
ALV-ANG-ORD,ALV-ANG-ORD-T14,UP,Desom,15:51,Mon-Sun
ALV-ANG-ORD,ALV-ANG-ORD-T14,UP,Athani,15:57,Mon-Sun
ALV-ANG-ORD,ALV-ANG-ORD-T14,UP,Karukutty,16:03,Mon-Sun
ALV-ANG-ORD,ALV-ANG-ORD-T14,UP,Angamaly,16:09,Mon-Sun
ALV-ANG-ORD,ALV-ANG-ORD-T15,UP,Aluva,16:30,Mon-Sun
ALV-ANG-ORD,ALV-ANG-ORD-T15,UP,Desom,16:36,Mon-Sun
ALV-ANG-ORD,ALV-ANG-ORD-T15,UP,Athani,16:42,Mon-Sun
ALV-ANG-ORD,ALV-ANG-ORD-T15,UP,Karukutty,16:48,Mon-Sun
ALV-ANG-ORD,ALV-ANG-ORD-T15,UP,Angamaly,16:54,Mon-Sun
ALV-ANG-ORD,ALV-ANG-ORD-T16,UP,Aluva,17:15,Mon-Sun
ALV-ANG-ORD,ALV-ANG-ORD-T16,UP,Desom,17:21,Mon-Sun
ALV-ANG-ORD,ALV-ANG-ORD-T16,UP,Athani,17:27,Mon-Sun
ALV-ANG-ORD,ALV-ANG-ORD-T16,UP,Karukutty,17:33,Mon-Sun
ALV-ANG-ORD,ALV-ANG-ORD-T16,UP,Angamaly,17:39,Mon-Sun
ALV-ANG-ORD,ALV-ANG-ORD-T17,UP,Aluva,18:00,Mon-Sun
ALV-ANG-ORD,ALV-ANG-ORD-T17,UP,Desom,18:06,Mon-Sun
ALV-ANG-ORD,ALV-ANG-ORD-T17,UP,Athani,18:12,Mon-Sun
ALV-ANG-ORD,ALV-ANG-ORD-T17,UP,Karukutty,18:18,Mon-Sun
ALV-ANG-ORD,ALV-ANG-ORD-T17,UP,Angamaly,18:24,Mon-Sun
ALV-ANG-ORD,ALV-ANG-ORD-T18,UP,Aluva,18:45,Mon-Sun
ALV-ANG-ORD,ALV-ANG-ORD-T18,UP,Desom,18:51,Mon-Sun
ALV-ANG-ORD,ALV-ANG-ORD-T18,UP,Athani,18:57,Mon-Sun
ALV-ANG-ORD,ALV-ANG-ORD-T18,UP,Karukutty,19:03,Mon-Sun
ALV-ANG-ORD,ALV-ANG-ORD-T18,UP,Angamaly,19:09,Mon-Sun
ALV-ANG-ORD,ALV-ANG-ORD-T19,UP,Aluva,19:30,Mon-Sun
ALV-ANG-ORD,ALV-ANG-ORD-T19,UP,Desom,19:36,Mon-Sun
ALV-ANG-ORD,ALV-ANG-ORD-T19,UP,Athani,19:42,Mon-Sun
ALV-ANG-ORD,ALV-ANG-ORD-T19,UP,Karukutty,19:48,Mon-Sun
ALV-ANG-ORD,ALV-ANG-ORD-T19,UP,Angamaly,19:54,Mon-Sun
ALV-ANG-ORD,ALV-ANG-ORD-T20,UP,Aluva,20:15,Mon-Sun
ALV-ANG-ORD,ALV-ANG-ORD-T20,UP,Desom,20:21,Mon-Sun
ALV-ANG-ORD,ALV-ANG-ORD-T20,UP,Athani,20:27,Mon-Sun
ALV-ANG-ORD,ALV-ANG-ORD-T20,UP,Karukutty,20:33,Mon-Sun
ALV-ANG-ORD,ALV-ANG-ORD-T20,UP,Angamaly,20:39,Mon-Sun
ALV-ANG-ORD,ALV-ANG-ORD-T21,UP,Aluva,21:00,Mon-Sun
ALV-ANG-ORD,ALV-ANG-ORD-T21,UP,Desom,21:06,Mon-Sun
ALV-ANG-ORD,ALV-ANG-ORD-T21,UP,Athani,21:12,Mon-Sun
ALV-ANG-ORD,ALV-ANG-ORD-T21,UP,Karukutty,21:18,Mon-Sun
ALV-ANG-ORD,ALV-ANG-ORD-T21,UP,Angamaly,21:24,Mon-Sun
ALV-PBR-ORD,ALV-PBR-ORD-T01,UP,Aluva,06:00,Mon-Sun
ALV-PBR-ORD,ALV-PBR-ORD-T01,UP,Thottumugham,06:08,Mon-Sun
ALV-PBR-ORD,ALV-PBR-ORD-T01,UP,Keezhmad,06:16,Mon-Sun
ALV-PBR-ORD,ALV-PBR-ORD-T01,UP,Pallikkara,06:24,Mon-Sun
ALV-PBR-ORD,ALV-PBR-ORD-T01,UP,Perumbavoor,06:32,Mon-Sun
ALV-PBR-ORD,ALV-PBR-ORD-T02,UP,Aluva,06:45,Mon-Sun
ALV-PBR-ORD,ALV-PBR-ORD-T02,UP,Thottumugham,06:53,Mon-Sun
ALV-PBR-ORD,ALV-PBR-ORD-T02,UP,Keezhmad,07:01,Mon-Sun
ALV-PBR-ORD,ALV-PBR-ORD-T02,UP,Pallikkara,07:09,Mon-Sun
ALV-PBR-ORD,ALV-PBR-ORD-T02,UP,Perumbavoor,07:17,Mon-Sun
ALV-PBR-ORD,ALV-PBR-ORD-T03,UP,Aluva,07:30,Mon-Sun
ALV-PBR-ORD,ALV-PBR-ORD-T03,UP,Thottumugham,07:38,Mon-Sun
ALV-PBR-ORD,ALV-PBR-ORD-T03,UP,Keezhmad,07:46,Mon-Sun
ALV-PBR-ORD,ALV-PBR-ORD-T03,UP,Pallikkara,07:54,Mon-Sun
ALV-PBR-ORD,ALV-PBR-ORD-T03,UP,Perumbavoor,08:02,Mon-Sun
ALV-PBR-ORD,ALV-PBR-ORD-T04,UP,Aluva,08:15,Mon-Sun
ALV-PBR-ORD,ALV-PBR-ORD-T04,UP,Thottumugham,08:23,Mon-Sun
ALV-PBR-ORD,ALV-PBR-ORD-T04,UP,Keezhmad,08:31,Mon-Sun
ALV-PBR-ORD,ALV-PBR-ORD-T04,UP,Pallikkara,08:39,Mon-Sun
ALV-PBR-ORD,ALV-PBR-ORD-T04,UP,Perumbavoor,08:47,Mon-Sun
ALV-PBR-ORD,ALV-PBR-ORD-T05,UP,Aluva,09:00,Mon-Sun
ALV-PBR-ORD,ALV-PBR-ORD-T05,UP,Thottumugham,09:08,Mon-Sun
ALV-PBR-ORD,ALV-PBR-ORD-T05,UP,Keezhmad,09:16,Mon-Sun
ALV-PBR-ORD,ALV-PBR-ORD-T05,UP,Pallikkara,09:24,Mon-Sun
ALV-PBR-ORD,ALV-PBR-ORD-T05,UP,Perumbavoor,09:32,Mon-Sun
ALV-PBR-ORD,ALV-PBR-ORD-T06,UP,Aluva,09:45,Mon-Sun
ALV-PBR-ORD,ALV-PBR-ORD-T06,UP,Thottumugham,09:53,Mon-Sun
ALV-PBR-ORD,ALV-PBR-ORD-T06,UP,Keezhmad,10:01,Mon-Sun
ALV-PBR-ORD,ALV-PBR-ORD-T06,UP,Pallikkara,10:09,Mon-Sun
ALV-PBR-ORD,ALV-PBR-ORD-T06,UP,Perumbavoor,10:17,Mon-Sun
ALV-PBR-ORD,ALV-PBR-ORD-T07,UP,Aluva,10:30,Mon-Sun
ALV-PBR-ORD,ALV-PBR-ORD-T07,UP,Thottumugham,10:38,Mon-Sun
ALV-PBR-ORD,ALV-PBR-ORD-T07,UP,Keezhmad,10:46,Mon-Sun
ALV-PBR-ORD,ALV-PBR-ORD-T07,UP,Pallikkara,10:54,Mon-Sun
ALV-PBR-ORD,ALV-PBR-ORD-T07,UP,Perumbavoor,11:02,Mon-Sun
ALV-PBR-ORD,ALV-PBR-ORD-T08,UP,Aluva,11:15,Mon-Sun
ALV-PBR-ORD,ALV-PBR-ORD-T08,UP,Thottumugham,11:23,Mon-Sun
ALV-PBR-ORD,ALV-PBR-ORD-T08,UP,Keezhmad,11:31,Mon-Sun
ALV-PBR-ORD,ALV-PBR-ORD-T08,UP,Pallikkara,11:39,Mon-Sun
ALV-PBR-ORD,ALV-PBR-ORD-T08,UP,Perumbavoor,11:47,Mon-Sun
ALV-PBR-ORD,ALV-PBR-ORD-T09,UP,Aluva,12:00,Mon-Sun
ALV-PBR-ORD,ALV-PBR-ORD-T09,UP,Thottumugham,12:08,Mon-Sun
ALV-PBR-ORD,ALV-PBR-ORD-T09,UP,Keezhmad,12:16,Mon-Sun
ALV-PBR-ORD,ALV-PBR-ORD-T09,UP,Pallikkara,12:24,Mon-Sun
ALV-PBR-ORD,ALV-PBR-ORD-T09,UP,Perumbavoor,12:32,Mon-Sun
ALV-PBR-ORD,ALV-PBR-ORD-T10,UP,Aluva,12:45,Mon-Sun
ALV-PBR-ORD,ALV-PBR-ORD-T10,UP,Thottumugham,12:53,Mon-Sun
ALV-PBR-ORD,ALV-PBR-ORD-T10,UP,Keezhmad,13:01,Mon-Sun
ALV-PBR-ORD,ALV-PBR-ORD-T10,UP,Pallikkara,13:09,Mon-Sun
ALV-PBR-ORD,ALV-PBR-ORD-T10,UP,Perumbavoor,13:17,Mon-Sun
ALV-PBR-ORD,ALV-PBR-ORD-T11,UP,Aluva,13:30,Mon-Sun
ALV-PBR-ORD,ALV-PBR-ORD-T11,UP,Thottumugham,13:38,Mon-Sun
ALV-PBR-ORD,ALV-PBR-ORD-T11,UP,Keezhmad,13:46,Mon-Sun
ALV-PBR-ORD,ALV-PBR-ORD-T11,UP,Pallikkara,13:54,Mon-Sun
ALV-PBR-ORD,ALV-PBR-ORD-T11,UP,Perumbavoor,14:02,Mon-Sun
ALV-PBR-ORD,ALV-PBR-ORD-T12,UP,Aluva,14:15,Mon-Sun
ALV-PBR-ORD,ALV-PBR-ORD-T12,UP,Thottumugham,14:23,Mon-Sun
ALV-PBR-ORD,ALV-PBR-ORD-T12,UP,Keezhmad,14:31,Mon-Sun
ALV-PBR-ORD,ALV-PBR-ORD-T12,UP,Pallikkara,14:39,Mon-Sun
ALV-PBR-ORD,ALV-PBR-ORD-T12,UP,Perumbavoor,14:47,Mon-Sun
ALV-PBR-ORD,ALV-PBR-ORD-T13,UP,Aluva,15:00,Mon-Sun
ALV-PBR-ORD,ALV-PBR-ORD-T13,UP,Thottumugham,15:08,Mon-Sun
ALV-PBR-ORD,ALV-PBR-ORD-T13,UP,Keezhmad,15:16,Mon-Sun
ALV-PBR-ORD,ALV-PBR-ORD-T13,UP,Pallikkara,15:24,Mon-Sun
ALV-PBR-ORD,ALV-PBR-ORD-T13,UP,Perumbavoor,15:32,Mon-Sun
ALV-PBR-ORD,ALV-PBR-ORD-T14,UP,Aluva,15:45,Mon-Sun
ALV-PBR-ORD,ALV-PBR-ORD-T14,UP,Thottumugham,15:53,Mon-Sun
ALV-PBR-ORD,ALV-PBR-ORD-T14,UP,Keezhmad,16:01,Mon-Sun
ALV-PBR-ORD,ALV-PBR-ORD-T14,UP,Pallikkara,16:09,Mon-Sun
ALV-PBR-ORD,ALV-PBR-ORD-T14,UP,Perumbavoor,16:17,Mon-Sun
ALV-PBR-ORD,ALV-PBR-ORD-T15,UP,Aluva,16:30,Mon-Sun
ALV-PBR-ORD,ALV-PBR-ORD-T15,UP,Thottumugham,16:38,Mon-Sun
ALV-PBR-ORD,ALV-PBR-ORD-T15,UP,Keezhmad,16:46,Mon-Sun
ALV-PBR-ORD,ALV-PBR-ORD-T15,UP,Pallikkara,16:54,Mon-Sun
ALV-PBR-ORD,ALV-PBR-ORD-T15,UP,Perumbavoor,17:02,Mon-Sun
ALV-PBR-ORD,ALV-PBR-ORD-T16,UP,Aluva,17:15,Mon-Sun
ALV-PBR-ORD,ALV-PBR-ORD-T16,UP,Thottumugham,17:23,Mon-Sun
ALV-PBR-ORD,ALV-PBR-ORD-T16,UP,Keezhmad,17:31,Mon-Sun
ALV-PBR-ORD,ALV-PBR-ORD-T16,UP,Pallikkara,17:39,Mon-Sun
ALV-PBR-ORD,ALV-PBR-ORD-T16,UP,Perumbavoor,17:47,Mon-Sun
ALV-PBR-ORD,ALV-PBR-ORD-T17,UP,Aluva,18:00,Mon-Sun
ALV-PBR-ORD,ALV-PBR-ORD-T17,UP,Thottumugham,18:08,Mon-Sun
ALV-PBR-ORD,ALV-PBR-ORD-T17,UP,Keezhmad,18:16,Mon-Sun
ALV-PBR-ORD,ALV-PBR-ORD-T17,UP,Pallikkara,18:24,Mon-Sun
ALV-PBR-ORD,ALV-PBR-ORD-T17,UP,Perumbavoor,18:32,Mon-Sun
ALV-PBR-ORD,ALV-PBR-ORD-T18,UP,Aluva,18:45,Mon-Sun
ALV-PBR-ORD,ALV-PBR-ORD-T18,UP,Thottumugham,18:53,Mon-Sun
ALV-PBR-ORD,ALV-PBR-ORD-T18,UP,Keezhmad,19:01,Mon-Sun
ALV-PBR-ORD,ALV-PBR-ORD-T18,UP,Pallikkara,19:09,Mon-Sun
ALV-PBR-ORD,ALV-PBR-ORD-T18,UP,Perumbavoor,19:17,Mon-Sun
ALV-PBR-ORD,ALV-PBR-ORD-T19,UP,Aluva,19:30,Mon-Sun
ALV-PBR-ORD,ALV-PBR-ORD-T19,UP,Thottumugham,19:38,Mon-Sun
ALV-PBR-ORD,ALV-PBR-ORD-T19,UP,Keezhmad,19:46,Mon-Sun
ALV-PBR-ORD,ALV-PBR-ORD-T19,UP,Pallikkara,19:54,Mon-Sun
ALV-PBR-ORD,ALV-PBR-ORD-T19,UP,Perumbavoor,20:02,Mon-Sun
ALV-PBR-ORD,ALV-PBR-ORD-T20,UP,Aluva,20:15,Mon-Sun
ALV-PBR-ORD,ALV-PBR-ORD-T20,UP,Thottumugham,20:23,Mon-Sun
ALV-PBR-ORD,ALV-PBR-ORD-T20,UP,Keezhmad,20:31,Mon-Sun
ALV-PBR-ORD,ALV-PBR-ORD-T20,UP,Pallikkara,20:39,Mon-Sun
ALV-PBR-ORD,ALV-PBR-ORD-T20,UP,Perumbavoor,20:47,Mon-Sun
ALV-PBR-ORD,ALV-PBR-ORD-T21,UP,Aluva,21:00,Mon-Sun
ALV-PBR-ORD,ALV-PBR-ORD-T21,UP,Thottumugham,21:08,Mon-Sun
ALV-PBR-ORD,ALV-PBR-ORD-T21,UP,Keezhmad,21:16,Mon-Sun
ALV-PBR-ORD,ALV-PBR-ORD-T21,UP,Pallikkara,21:24,Mon-Sun
ALV-PBR-ORD,ALV-PBR-ORD-T21,UP,Perumbavoor,21:32,Mon-Sun
ALV-KLM-ORD,ALV-KLM-ORD-T01,UP,Aluva,06:00,Mon-Sun
ALV-KLM-ORD,ALV-KLM-ORD-T01,UP,Muttom,06:06,Mon-Sun
ALV-KLM-ORD,ALV-KLM-ORD-T01,UP,Kalamassery,06:12,Mon-Sun
ALV-KLM-ORD,ALV-KLM-ORD-T02,UP,Aluva,07:00,Mon-Sun
ALV-KLM-ORD,ALV-KLM-ORD-T02,UP,Muttom,07:06,Mon-Sun
ALV-KLM-ORD,ALV-KLM-ORD-T02,UP,Kalamassery,07:12,Mon-Sun
ALV-KLM-ORD,ALV-KLM-ORD-T03,UP,Aluva,08:00,Mon-Sun
ALV-KLM-ORD,ALV-KLM-ORD-T03,UP,Muttom,08:06,Mon-Sun
ALV-KLM-ORD,ALV-KLM-ORD-T03,UP,Kalamassery,08:12,Mon-Sun
ALV-KLM-ORD,ALV-KLM-ORD-T04,UP,Aluva,09:00,Mon-Sun
ALV-KLM-ORD,ALV-KLM-ORD-T04,UP,Muttom,09:06,Mon-Sun
ALV-KLM-ORD,ALV-KLM-ORD-T04,UP,Kalamassery,09:12,Mon-Sun
ALV-KLM-ORD,ALV-KLM-ORD-T05,UP,Aluva,10:00,Mon-Sun
ALV-KLM-ORD,ALV-KLM-ORD-T05,UP,Muttom,10:06,Mon-Sun
ALV-KLM-ORD,ALV-KLM-ORD-T05,UP,Kalamassery,10:12,Mon-Sun
ALV-KLM-ORD,ALV-KLM-ORD-T06,UP,Aluva,11:00,Mon-Sun
ALV-KLM-ORD,ALV-KLM-ORD-T06,UP,Muttom,11:06,Mon-Sun
ALV-KLM-ORD,ALV-KLM-ORD-T06,UP,Kalamassery,11:12,Mon-Sun
ALV-KLM-ORD,ALV-KLM-ORD-T07,UP,Aluva,12:00,Mon-Sun
ALV-KLM-ORD,ALV-KLM-ORD-T07,UP,Muttom,12:06,Mon-Sun
ALV-KLM-ORD,ALV-KLM-ORD-T07,UP,Kalamassery,12:12,Mon-Sun
ALV-KLM-ORD,ALV-KLM-ORD-T08,UP,Aluva,13:00,Mon-Sun
ALV-KLM-ORD,ALV-KLM-ORD-T08,UP,Muttom,13:06,Mon-Sun
ALV-KLM-ORD,ALV-KLM-ORD-T08,UP,Kalamassery,13:12,Mon-Sun
ALV-KLM-ORD,ALV-KLM-ORD-T09,UP,Aluva,14:00,Mon-Sun
ALV-KLM-ORD,ALV-KLM-ORD-T09,UP,Muttom,14:06,Mon-Sun
ALV-KLM-ORD,ALV-KLM-ORD-T09,UP,Kalamassery,14:12,Mon-Sun
ALV-KLM-ORD,ALV-KLM-ORD-T10,UP,Aluva,15:00,Mon-Sun
ALV-KLM-ORD,ALV-KLM-ORD-T10,UP,Muttom,15:06,Mon-Sun
ALV-KLM-ORD,ALV-KLM-ORD-T10,UP,Kalamassery,15:12,Mon-Sun
ALV-KLM-ORD,ALV-KLM-ORD-T11,UP,Aluva,16:00,Mon-Sun
ALV-KLM-ORD,ALV-KLM-ORD-T11,UP,Muttom,16:06,Mon-Sun
ALV-KLM-ORD,ALV-KLM-ORD-T11,UP,Kalamassery,16:12,Mon-Sun
ALV-KLM-ORD,ALV-KLM-ORD-T12,UP,Aluva,17:00,Mon-Sun
ALV-KLM-ORD,ALV-KLM-ORD-T12,UP,Muttom,17:06,Mon-Sun
ALV-KLM-ORD,ALV-KLM-ORD-T12,UP,Kalamassery,17:12,Mon-Sun
ALV-KLM-ORD,ALV-KLM-ORD-T13,UP,Aluva,18:00,Mon-Sun
ALV-KLM-ORD,ALV-KLM-ORD-T13,UP,Muttom,18:06,Mon-Sun
ALV-KLM-ORD,ALV-KLM-ORD-T13,UP,Kalamassery,18:12,Mon-Sun
ALV-KLM-ORD,ALV-KLM-ORD-T14,UP,Aluva,19:00,Mon-Sun
ALV-KLM-ORD,ALV-KLM-ORD-T14,UP,Muttom,19:06,Mon-Sun
ALV-KLM-ORD,ALV-KLM-ORD-T14,UP,Kalamassery,19:12,Mon-Sun
ALV-KLM-ORD,ALV-KLM-ORD-T15,UP,Aluva,20:00,Mon-Sun
ALV-KLM-ORD,ALV-KLM-ORD-T15,UP,Muttom,20:06,Mon-Sun
ALV-KLM-ORD,ALV-KLM-ORD-T15,UP,Kalamassery,20:12,Mon-Sun
ALV-KLM-ORD,ALV-KLM-ORD-T16,UP,Aluva,21:00,Mon-Sun
ALV-KLM-ORD,ALV-KLM-ORD-T16,UP,Muttom,21:06,Mon-Sun
ALV-KLM-ORD,ALV-KLM-ORD-T16,UP,Kalamassery,21:12,Mon-Sun
ALV-CIA-ORD,ALV-CIA-ORD-T01,UP,Aluva,06:00,Mon-Sun
ALV-CIA-ORD,ALV-CIA-ORD-T01,UP,Desom,06:06,Mon-Sun
ALV-CIA-ORD,ALV-CIA-ORD-T01,UP,Athani,06:12,Mon-Sun
ALV-CIA-ORD,ALV-CIA-ORD-T01,UP,Airport,06:18,Mon-Sun
ALV-CIA-ORD,ALV-CIA-ORD-T02,UP,Aluva,06:45,Mon-Sun
ALV-CIA-ORD,ALV-CIA-ORD-T02,UP,Desom,06:51,Mon-Sun
ALV-CIA-ORD,ALV-CIA-ORD-T02,UP,Athani,06:57,Mon-Sun
ALV-CIA-ORD,ALV-CIA-ORD-T02,UP,Airport,07:03,Mon-Sun
ALV-CIA-ORD,ALV-CIA-ORD-T03,UP,Aluva,07:30,Mon-Sun
ALV-CIA-ORD,ALV-CIA-ORD-T03,UP,Desom,07:36,Mon-Sun
ALV-CIA-ORD,ALV-CIA-ORD-T03,UP,Athani,07:42,Mon-Sun
ALV-CIA-ORD,ALV-CIA-ORD-T03,UP,Airport,07:48,Mon-Sun
ALV-CIA-ORD,ALV-CIA-ORD-T04,UP,Aluva,08:15,Mon-Sun
ALV-CIA-ORD,ALV-CIA-ORD-T04,UP,Desom,08:21,Mon-Sun
ALV-CIA-ORD,ALV-CIA-ORD-T04,UP,Athani,08:27,Mon-Sun
ALV-CIA-ORD,ALV-CIA-ORD-T04,UP,Airport,08:33,Mon-Sun
ALV-CIA-ORD,ALV-CIA-ORD-T05,UP,Aluva,09:00,Mon-Sun
ALV-CIA-ORD,ALV-CIA-ORD-T05,UP,Desom,09:06,Mon-Sun
ALV-CIA-ORD,ALV-CIA-ORD-T05,UP,Athani,09:12,Mon-Sun
ALV-CIA-ORD,ALV-CIA-ORD-T05,UP,Airport,09:18,Mon-Sun
ALV-CIA-ORD,ALV-CIA-ORD-T06,UP,Aluva,09:45,Mon-Sun
ALV-CIA-ORD,ALV-CIA-ORD-T06,UP,Desom,09:51,Mon-Sun
ALV-CIA-ORD,ALV-CIA-ORD-T06,UP,Athani,09:57,Mon-Sun
ALV-CIA-ORD,ALV-CIA-ORD-T06,UP,Airport,10:03,Mon-Sun
ALV-CIA-ORD,ALV-CIA-ORD-T07,UP,Aluva,10:30,Mon-Sun
ALV-CIA-ORD,ALV-CIA-ORD-T07,UP,Desom,10:36,Mon-Sun
ALV-CIA-ORD,ALV-CIA-ORD-T07,UP,Athani,10:42,Mon-Sun
ALV-CIA-ORD,ALV-CIA-ORD-T07,UP,Airport,10:48,Mon-Sun
ALV-CIA-ORD,ALV-CIA-ORD-T08,UP,Aluva,11:15,Mon-Sun
ALV-CIA-ORD,ALV-CIA-ORD-T08,UP,Desom,11:21,Mon-Sun
ALV-CIA-ORD,ALV-CIA-ORD-T08,UP,Athani,11:27,Mon-Sun
ALV-CIA-ORD,ALV-CIA-ORD-T08,UP,Airport,11:33,Mon-Sun
ALV-CIA-ORD,ALV-CIA-ORD-T09,UP,Aluva,12:00,Mon-Sun
ALV-CIA-ORD,ALV-CIA-ORD-T09,UP,Desom,12:06,Mon-Sun
ALV-CIA-ORD,ALV-CIA-ORD-T09,UP,Athani,12:12,Mon-Sun
ALV-CIA-ORD,ALV-CIA-ORD-T09,UP,Airport,12:18,Mon-Sun
ALV-CIA-ORD,ALV-CIA-ORD-T10,UP,Aluva,12:45,Mon-Sun
ALV-CIA-ORD,ALV-CIA-ORD-T10,UP,Desom,12:51,Mon-Sun
ALV-CIA-ORD,ALV-CIA-ORD-T10,UP,Athani,12:57,Mon-Sun
ALV-CIA-ORD,ALV-CIA-ORD-T10,UP,Airport,13:03,Mon-Sun
ALV-CIA-ORD,ALV-CIA-ORD-T11,UP,Aluva,13:30,Mon-Sun
ALV-CIA-ORD,ALV-CIA-ORD-T11,UP,Desom,13:36,Mon-Sun
ALV-CIA-ORD,ALV-CIA-ORD-T11,UP,Athani,13:42,Mon-Sun
ALV-CIA-ORD,ALV-CIA-ORD-T11,UP,Airport,13:48,Mon-Sun
ALV-CIA-ORD,ALV-CIA-ORD-T12,UP,Aluva,14:15,Mon-Sun
ALV-CIA-ORD,ALV-CIA-ORD-T12,UP,Desom,14:21,Mon-Sun
ALV-CIA-ORD,ALV-CIA-ORD-T12,UP,Athani,14:27,Mon-Sun
ALV-CIA-ORD,ALV-CIA-ORD-T12,UP,Airport,14:33,Mon-Sun
ALV-CIA-ORD,ALV-CIA-ORD-T13,UP,Aluva,15:00,Mon-Sun
ALV-CIA-ORD,ALV-CIA-ORD-T13,UP,Desom,15:06,Mon-Sun
ALV-CIA-ORD,ALV-CIA-ORD-T13,UP,Athani,15:12,Mon-Sun
ALV-CIA-ORD,ALV-CIA-ORD-T13,UP,Airport,15:18,Mon-Sun
ALV-CIA-ORD,ALV-CIA-ORD-T14,UP,Aluva,15:45,Mon-Sun
ALV-CIA-ORD,ALV-CIA-ORD-T14,UP,Desom,15:51,Mon-Sun
ALV-CIA-ORD,ALV-CIA-ORD-T14,UP,Athani,15:57,Mon-Sun
ALV-CIA-ORD,ALV-CIA-ORD-T14,UP,Airport,16:03,Mon-Sun
ALV-CIA-ORD,ALV-CIA-ORD-T15,UP,Aluva,16:30,Mon-Sun
ALV-CIA-ORD,ALV-CIA-ORD-T15,UP,Desom,16:36,Mon-Sun
ALV-CIA-ORD,ALV-CIA-ORD-T15,UP,Athani,16:42,Mon-Sun
ALV-CIA-ORD,ALV-CIA-ORD-T15,UP,Airport,16:48,Mon-Sun
ALV-CIA-ORD,ALV-CIA-ORD-T16,UP,Aluva,17:15,Mon-Sun
ALV-CIA-ORD,ALV-CIA-ORD-T16,UP,Desom,17:21,Mon-Sun
ALV-CIA-ORD,ALV-CIA-ORD-T16,UP,Athani,17:27,Mon-Sun
ALV-CIA-ORD,ALV-CIA-ORD-T16,UP,Airport,17:33,Mon-Sun
ALV-CIA-ORD,ALV-CIA-ORD-T17,UP,Aluva,18:00,Mon-Sun
ALV-CIA-ORD,ALV-CIA-ORD-T17,UP,Desom,18:06,Mon-Sun
ALV-CIA-ORD,ALV-CIA-ORD-T17,UP,Athani,18:12,Mon-Sun
ALV-CIA-ORD,ALV-CIA-ORD-T17,UP,Airport,18:18,Mon-Sun
ALV-CIA-ORD,ALV-CIA-ORD-T18,UP,Aluva,18:45,Mon-Sun
ALV-CIA-ORD,ALV-CIA-ORD-T18,UP,Desom,18:51,Mon-Sun
ALV-CIA-ORD,ALV-CIA-ORD-T18,UP,Athani,18:57,Mon-Sun
ALV-CIA-ORD,ALV-CIA-ORD-T18,UP,Airport,19:03,Mon-Sun
ALV-CIA-ORD,ALV-CIA-ORD-T19,UP,Aluva,19:30,Mon-Sun
ALV-CIA-ORD,ALV-CIA-ORD-T19,UP,Desom,19:36,Mon-Sun
ALV-CIA-ORD,ALV-CIA-ORD-T19,UP,Athani,19:42,Mon-Sun
ALV-CIA-ORD,ALV-CIA-ORD-T19,UP,Airport,19:48,Mon-Sun
ALV-CIA-ORD,ALV-CIA-ORD-T20,UP,Aluva,20:15,Mon-Sun
ALV-CIA-ORD,ALV-CIA-ORD-T20,UP,Desom,20:21,Mon-Sun
ALV-CIA-ORD,ALV-CIA-ORD-T20,UP,Athani,20:27,Mon-Sun
ALV-CIA-ORD,ALV-CIA-ORD-T20,UP,Airport,20:33,Mon-Sun
ALV-CIA-ORD,ALV-CIA-ORD-T21,UP,Aluva,21:00,Mon-Sun
ALV-CIA-ORD,ALV-CIA-ORD-T21,UP,Desom,21:06,Mon-Sun
ALV-CIA-ORD,ALV-CIA-ORD-T21,UP,Athani,21:12,Mon-Sun
ALV-CIA-ORD,ALV-CIA-ORD-T21,UP,Airport,21:18,Mon-Sun
ALV-NPV-ORD,ALV-NPV-ORD-T01,UP,Aluva,06:00,Mon-Sun
ALV-NPV-ORD,ALV-NPV-ORD-T01,UP,Karumalloor,06:08,Mon-Sun
ALV-NPV-ORD,ALV-NPV-ORD-T01,UP,Manjaly,06:16,Mon-Sun
ALV-NPV-ORD,ALV-NPV-ORD-T01,UP,North Paravur,06:24,Mon-Sun
ALV-NPV-ORD,ALV-NPV-ORD-T02,UP,Aluva,06:45,Mon-Sun
ALV-NPV-ORD,ALV-NPV-ORD-T02,UP,Karumalloor,06:53,Mon-Sun
ALV-NPV-ORD,ALV-NPV-ORD-T02,UP,Manjaly,07:01,Mon-Sun
ALV-NPV-ORD,ALV-NPV-ORD-T02,UP,North Paravur,07:09,Mon-Sun
ALV-NPV-ORD,ALV-NPV-ORD-T03,UP,Aluva,07:30,Mon-Sun
ALV-NPV-ORD,ALV-NPV-ORD-T03,UP,Karumalloor,07:38,Mon-Sun
ALV-NPV-ORD,ALV-NPV-ORD-T03,UP,Manjaly,07:46,Mon-Sun
ALV-NPV-ORD,ALV-NPV-ORD-T03,UP,North Paravur,07:54,Mon-Sun
ALV-NPV-ORD,ALV-NPV-ORD-T04,UP,Aluva,08:15,Mon-Sun
ALV-NPV-ORD,ALV-NPV-ORD-T04,UP,Karumalloor,08:23,Mon-Sun
ALV-NPV-ORD,ALV-NPV-ORD-T04,UP,Manjaly,08:31,Mon-Sun
ALV-NPV-ORD,ALV-NPV-ORD-T04,UP,North Paravur,08:39,Mon-Sun
ALV-NPV-ORD,ALV-NPV-ORD-T05,UP,Aluva,09:00,Mon-Sun
ALV-NPV-ORD,ALV-NPV-ORD-T05,UP,Karumalloor,09:08,Mon-Sun
ALV-NPV-ORD,ALV-NPV-ORD-T05,UP,Manjaly,09:16,Mon-Sun
ALV-NPV-ORD,ALV-NPV-ORD-T05,UP,North Paravur,09:24,Mon-Sun
ALV-NPV-ORD,ALV-NPV-ORD-T06,UP,Aluva,09:45,Mon-Sun
ALV-NPV-ORD,ALV-NPV-ORD-T06,UP,Karumalloor,09:53,Mon-Sun
ALV-NPV-ORD,ALV-NPV-ORD-T06,UP,Manjaly,10:01,Mon-Sun
ALV-NPV-ORD,ALV-NPV-ORD-T06,UP,North Paravur,10:09,Mon-Sun
ALV-NPV-ORD,ALV-NPV-ORD-T07,UP,Aluva,10:30,Mon-Sun
ALV-NPV-ORD,ALV-NPV-ORD-T07,UP,Karumalloor,10:38,Mon-Sun
ALV-NPV-ORD,ALV-NPV-ORD-T07,UP,Manjaly,10:46,Mon-Sun
ALV-NPV-ORD,ALV-NPV-ORD-T07,UP,North Paravur,10:54,Mon-Sun
ALV-NPV-ORD,ALV-NPV-ORD-T08,UP,Aluva,11:15,Mon-Sun
ALV-NPV-ORD,ALV-NPV-ORD-T08,UP,Karumalloor,11:23,Mon-Sun
ALV-NPV-ORD,ALV-NPV-ORD-T08,UP,Manjaly,11:31,Mon-Sun
ALV-NPV-ORD,ALV-NPV-ORD-T08,UP,North Paravur,11:39,Mon-Sun
ALV-NPV-ORD,ALV-NPV-ORD-T09,UP,Aluva,12:00,Mon-Sun
ALV-NPV-ORD,ALV-NPV-ORD-T09,UP,Karumalloor,12:08,Mon-Sun
ALV-NPV-ORD,ALV-NPV-ORD-T09,UP,Manjaly,12:16,Mon-Sun
ALV-NPV-ORD,ALV-NPV-ORD-T09,UP,North Paravur,12:24,Mon-Sun
ALV-NPV-ORD,ALV-NPV-ORD-T10,UP,Aluva,12:45,Mon-Sun
ALV-NPV-ORD,ALV-NPV-ORD-T10,UP,Karumalloor,12:53,Mon-Sun
ALV-NPV-ORD,ALV-NPV-ORD-T10,UP,Manjaly,13:01,Mon-Sun
ALV-NPV-ORD,ALV-NPV-ORD-T10,UP,North Paravur,13:09,Mon-Sun
ALV-NPV-ORD,ALV-NPV-ORD-T11,UP,Aluva,13:30,Mon-Sun
ALV-NPV-ORD,ALV-NPV-ORD-T11,UP,Karumalloor,13:38,Mon-Sun
ALV-NPV-ORD,ALV-NPV-ORD-T11,UP,Manjaly,13:46,Mon-Sun
ALV-NPV-ORD,ALV-NPV-ORD-T11,UP,North Paravur,13:54,Mon-Sun
ALV-NPV-ORD,ALV-NPV-ORD-T12,UP,Aluva,14:15,Mon-Sun
ALV-NPV-ORD,ALV-NPV-ORD-T12,UP,Karumalloor,14:23,Mon-Sun
ALV-NPV-ORD,ALV-NPV-ORD-T12,UP,Manjaly,14:31,Mon-Sun
ALV-NPV-ORD,ALV-NPV-ORD-T12,UP,North Paravur,14:39,Mon-Sun
ALV-NPV-ORD,ALV-NPV-ORD-T13,UP,Aluva,15:00,Mon-Sun
ALV-NPV-ORD,ALV-NPV-ORD-T13,UP,Karumalloor,15:08,Mon-Sun
ALV-NPV-ORD,ALV-NPV-ORD-T13,UP,Manjaly,15:16,Mon-Sun
ALV-NPV-ORD,ALV-NPV-ORD-T13,UP,North Paravur,15:24,Mon-Sun
ALV-NPV-ORD,ALV-NPV-ORD-T14,UP,Aluva,15:45,Mon-Sun
ALV-NPV-ORD,ALV-NPV-ORD-T14,UP,Karumalloor,15:53,Mon-Sun
ALV-NPV-ORD,ALV-NPV-ORD-T14,UP,Manjaly,16:01,Mon-Sun
ALV-NPV-ORD,ALV-NPV-ORD-T14,UP,North Paravur,16:09,Mon-Sun
ALV-NPV-ORD,ALV-NPV-ORD-T15,UP,Aluva,16:30,Mon-Sun
ALV-NPV-ORD,ALV-NPV-ORD-T15,UP,Karumalloor,16:38,Mon-Sun
ALV-NPV-ORD,ALV-NPV-ORD-T15,UP,Manjaly,16:46,Mon-Sun
ALV-NPV-ORD,ALV-NPV-ORD-T15,UP,North Paravur,16:54,Mon-Sun
ALV-NPV-ORD,ALV-NPV-ORD-T16,UP,Aluva,17:15,Mon-Sun
ALV-NPV-ORD,ALV-NPV-ORD-T16,UP,Karumalloor,17:23,Mon-Sun
ALV-NPV-ORD,ALV-NPV-ORD-T16,UP,Manjaly,17:31,Mon-Sun
ALV-NPV-ORD,ALV-NPV-ORD-T16,UP,North Paravur,17:39,Mon-Sun
ALV-NPV-ORD,ALV-NPV-ORD-T17,UP,Aluva,18:00,Mon-Sun
ALV-NPV-ORD,ALV-NPV-ORD-T17,UP,Karumalloor,18:08,Mon-Sun
ALV-NPV-ORD,ALV-NPV-ORD-T17,UP,Manjaly,18:16,Mon-Sun
ALV-NPV-ORD,ALV-NPV-ORD-T17,UP,North Paravur,18:24,Mon-Sun
ALV-NPV-ORD,ALV-NPV-ORD-T18,UP,Aluva,18:45,Mon-Sun
ALV-NPV-ORD,ALV-NPV-ORD-T18,UP,Karumalloor,18:53,Mon-Sun
ALV-NPV-ORD,ALV-NPV-ORD-T18,UP,Manjaly,19:01,Mon-Sun
ALV-NPV-ORD,ALV-NPV-ORD-T18,UP,North Paravur,19:09,Mon-Sun
ALV-NPV-ORD,ALV-NPV-ORD-T19,UP,Aluva,19:30,Mon-Sun
ALV-NPV-ORD,ALV-NPV-ORD-T19,UP,Karumalloor,19:38,Mon-Sun
ALV-NPV-ORD,ALV-NPV-ORD-T19,UP,Manjaly,19:46,Mon-Sun
ALV-NPV-ORD,ALV-NPV-ORD-T19,UP,North Paravur,19:54,Mon-Sun
ALV-NPV-ORD,ALV-NPV-ORD-T20,UP,Aluva,20:15,Mon-Sun
ALV-NPV-ORD,ALV-NPV-ORD-T20,UP,Karumalloor,20:23,Mon-Sun
ALV-NPV-ORD,ALV-NPV-ORD-T20,UP,Manjaly,20:31,Mon-Sun
ALV-NPV-ORD,ALV-NPV-ORD-T20,UP,North Paravur,20:39,Mon-Sun
ALV-NPV-ORD,ALV-NPV-ORD-T21,UP,Aluva,21:00,Mon-Sun
ALV-NPV-ORD,ALV-NPV-ORD-T21,UP,Karumalloor,21:08,Mon-Sun
ALV-NPV-ORD,ALV-NPV-ORD-T21,UP,Manjaly,21:16,Mon-Sun
ALV-NPV-ORD,ALV-NPV-ORD-T21,UP,North Paravur,21:24,Mon-Sun
TSR-GVR-ORD,TSR-GVR-ORD-T01,UP,Thrissur,06:00,Mon-Sun
TSR-GVR-ORD,TSR-GVR-ORD-T01,UP,Ayyanthole,06:08,Mon-Sun
TSR-GVR-ORD,TSR-GVR-ORD-T01,UP,Puzhakkal,06:16,Mon-Sun
TSR-GVR-ORD,TSR-GVR-ORD-T01,UP,Kunnamkulam,06:24,Mon-Sun
TSR-GVR-ORD,TSR-GVR-ORD-T01,UP,Guruvayur,06:32,Mon-Sun
TSR-GVR-ORD,TSR-GVR-ORD-T02,UP,Thrissur,07:00,Mon-Sun
TSR-GVR-ORD,TSR-GVR-ORD-T02,UP,Ayyanthole,07:08,Mon-Sun
TSR-GVR-ORD,TSR-GVR-ORD-T02,UP,Puzhakkal,07:16,Mon-Sun
TSR-GVR-ORD,TSR-GVR-ORD-T02,UP,Kunnamkulam,07:24,Mon-Sun
TSR-GVR-ORD,TSR-GVR-ORD-T02,UP,Guruvayur,07:32,Mon-Sun
TSR-GVR-ORD,TSR-GVR-ORD-T03,UP,Thrissur,08:00,Mon-Sun
TSR-GVR-ORD,TSR-GVR-ORD-T03,UP,Ayyanthole,08:08,Mon-Sun
TSR-GVR-ORD,TSR-GVR-ORD-T03,UP,Puzhakkal,08:16,Mon-Sun
TSR-GVR-ORD,TSR-GVR-ORD-T03,UP,Kunnamkulam,08:24,Mon-Sun
TSR-GVR-ORD,TSR-GVR-ORD-T03,UP,Guruvayur,08:32,Mon-Sun
TSR-GVR-ORD,TSR-GVR-ORD-T04,UP,Thrissur,09:00,Mon-Sun
TSR-GVR-ORD,TSR-GVR-ORD-T04,UP,Ayyanthole,09:08,Mon-Sun
TSR-GVR-ORD,TSR-GVR-ORD-T04,UP,Puzhakkal,09:16,Mon-Sun
TSR-GVR-ORD,TSR-GVR-ORD-T04,UP,Kunnamkulam,09:24,Mon-Sun
TSR-GVR-ORD,TSR-GVR-ORD-T04,UP,Guruvayur,09:32,Mon-Sun
TSR-GVR-ORD,TSR-GVR-ORD-T05,UP,Thrissur,10:00,Mon-Sun
TSR-GVR-ORD,TSR-GVR-ORD-T05,UP,Ayyanthole,10:08,Mon-Sun
TSR-GVR-ORD,TSR-GVR-ORD-T05,UP,Puzhakkal,10:16,Mon-Sun
TSR-GVR-ORD,TSR-GVR-ORD-T05,UP,Kunnamkulam,10:24,Mon-Sun
TSR-GVR-ORD,TSR-GVR-ORD-T05,UP,Guruvayur,10:32,Mon-Sun
TSR-GVR-ORD,TSR-GVR-ORD-T06,UP,Thrissur,11:00,Mon-Sun
TSR-GVR-ORD,TSR-GVR-ORD-T06,UP,Ayyanthole,11:08,Mon-Sun
TSR-GVR-ORD,TSR-GVR-ORD-T06,UP,Puzhakkal,11:16,Mon-Sun
TSR-GVR-ORD,TSR-GVR-ORD-T06,UP,Kunnamkulam,11:24,Mon-Sun
TSR-GVR-ORD,TSR-GVR-ORD-T06,UP,Guruvayur,11:32,Mon-Sun
TSR-GVR-ORD,TSR-GVR-ORD-T07,UP,Thrissur,12:00,Mon-Sun
TSR-GVR-ORD,TSR-GVR-ORD-T07,UP,Ayyanthole,12:08,Mon-Sun
TSR-GVR-ORD,TSR-GVR-ORD-T07,UP,Puzhakkal,12:16,Mon-Sun
TSR-GVR-ORD,TSR-GVR-ORD-T07,UP,Kunnamkulam,12:24,Mon-Sun
TSR-GVR-ORD,TSR-GVR-ORD-T07,UP,Guruvayur,12:32,Mon-Sun
TSR-GVR-ORD,TSR-GVR-ORD-T08,UP,Thrissur,13:00,Mon-Sun
TSR-GVR-ORD,TSR-GVR-ORD-T08,UP,Ayyanthole,13:08,Mon-Sun
TSR-GVR-ORD,TSR-GVR-ORD-T08,UP,Puzhakkal,13:16,Mon-Sun
TSR-GVR-ORD,TSR-GVR-ORD-T08,UP,Kunnamkulam,13:24,Mon-Sun
TSR-GVR-ORD,TSR-GVR-ORD-T08,UP,Guruvayur,13:32,Mon-Sun
TSR-GVR-ORD,TSR-GVR-ORD-T09,UP,Thrissur,14:00,Mon-Sun
TSR-GVR-ORD,TSR-GVR-ORD-T09,UP,Ayyanthole,14:08,Mon-Sun
TSR-GVR-ORD,TSR-GVR-ORD-T09,UP,Puzhakkal,14:16,Mon-Sun
TSR-GVR-ORD,TSR-GVR-ORD-T09,UP,Kunnamkulam,14:24,Mon-Sun
TSR-GVR-ORD,TSR-GVR-ORD-T09,UP,Guruvayur,14:32,Mon-Sun
TSR-GVR-ORD,TSR-GVR-ORD-T10,UP,Thrissur,15:00,Mon-Sun
TSR-GVR-ORD,TSR-GVR-ORD-T10,UP,Ayyanthole,15:08,Mon-Sun
TSR-GVR-ORD,TSR-GVR-ORD-T10,UP,Puzhakkal,15:16,Mon-Sun
TSR-GVR-ORD,TSR-GVR-ORD-T10,UP,Kunnamkulam,15:24,Mon-Sun
TSR-GVR-ORD,TSR-GVR-ORD-T10,UP,Guruvayur,15:32,Mon-Sun
TSR-GVR-ORD,TSR-GVR-ORD-T11,UP,Thrissur,16:00,Mon-Sun
TSR-GVR-ORD,TSR-GVR-ORD-T11,UP,Ayyanthole,16:08,Mon-Sun
TSR-GVR-ORD,TSR-GVR-ORD-T11,UP,Puzhakkal,16:16,Mon-Sun
TSR-GVR-ORD,TSR-GVR-ORD-T11,UP,Kunnamkulam,16:24,Mon-Sun
TSR-GVR-ORD,TSR-GVR-ORD-T11,UP,Guruvayur,16:32,Mon-Sun
TSR-GVR-ORD,TSR-GVR-ORD-T12,UP,Thrissur,17:00,Mon-Sun
TSR-GVR-ORD,TSR-GVR-ORD-T12,UP,Ayyanthole,17:08,Mon-Sun
TSR-GVR-ORD,TSR-GVR-ORD-T12,UP,Puzhakkal,17:16,Mon-Sun
TSR-GVR-ORD,TSR-GVR-ORD-T12,UP,Kunnamkulam,17:24,Mon-Sun
TSR-GVR-ORD,TSR-GVR-ORD-T12,UP,Guruvayur,17:32,Mon-Sun
TSR-GVR-ORD,TSR-GVR-ORD-T13,UP,Thrissur,18:00,Mon-Sun
TSR-GVR-ORD,TSR-GVR-ORD-T13,UP,Ayyanthole,18:08,Mon-Sun
TSR-GVR-ORD,TSR-GVR-ORD-T13,UP,Puzhakkal,18:16,Mon-Sun
TSR-GVR-ORD,TSR-GVR-ORD-T13,UP,Kunnamkulam,18:24,Mon-Sun
TSR-GVR-ORD,TSR-GVR-ORD-T13,UP,Guruvayur,18:32,Mon-Sun
TSR-GVR-ORD,TSR-GVR-ORD-T14,UP,Thrissur,19:00,Mon-Sun
TSR-GVR-ORD,TSR-GVR-ORD-T14,UP,Ayyanthole,19:08,Mon-Sun
TSR-GVR-ORD,TSR-GVR-ORD-T14,UP,Puzhakkal,19:16,Mon-Sun
TSR-GVR-ORD,TSR-GVR-ORD-T14,UP,Kunnamkulam,19:24,Mon-Sun
TSR-GVR-ORD,TSR-GVR-ORD-T14,UP,Guruvayur,19:32,Mon-Sun
TSR-GVR-ORD,TSR-GVR-ORD-T15,UP,Thrissur,20:00,Mon-Sun
TSR-GVR-ORD,TSR-GVR-ORD-T15,UP,Ayyanthole,20:08,Mon-Sun
TSR-GVR-ORD,TSR-GVR-ORD-T15,UP,Puzhakkal,20:16,Mon-Sun
TSR-GVR-ORD,TSR-GVR-ORD-T15,UP,Kunnamkulam,20:24,Mon-Sun
TSR-GVR-ORD,TSR-GVR-ORD-T15,UP,Guruvayur,20:32,Mon-Sun
TSR-GVR-ORD,TSR-GVR-ORD-T16,UP,Thrissur,21:00,Mon-Sun
TSR-GVR-ORD,TSR-GVR-ORD-T16,UP,Ayyanthole,21:08,Mon-Sun
TSR-GVR-ORD,TSR-GVR-ORD-T16,UP,Puzhakkal,21:16,Mon-Sun
TSR-GVR-ORD,TSR-GVR-ORD-T16,UP,Kunnamkulam,21:24,Mon-Sun
TSR-GVR-ORD,TSR-GVR-ORD-T16,UP,Guruvayur,21:32,Mon-Sun
TSR-IJK-ORD,TSR-IJK-ORD-T01,UP,Thrissur,06:00,Mon-Sun
TSR-IJK-ORD,TSR-IJK-ORD-T01,UP,Ollur,06:08,Mon-Sun
TSR-IJK-ORD,TSR-IJK-ORD-T01,UP,Pudukad,06:16,Mon-Sun
TSR-IJK-ORD,TSR-IJK-ORD-T01,UP,Nellayi,06:24,Mon-Sun
TSR-IJK-ORD,TSR-IJK-ORD-T01,UP,Irinjalakuda,06:32,Mon-Sun
TSR-IJK-ORD,TSR-IJK-ORD-T02,UP,Thrissur,06:30,Mon-Sun
TSR-IJK-ORD,TSR-IJK-ORD-T02,UP,Ollur,06:38,Mon-Sun
TSR-IJK-ORD,TSR-IJK-ORD-T02,UP,Pudukad,06:46,Mon-Sun
TSR-IJK-ORD,TSR-IJK-ORD-T02,UP,Nellayi,06:54,Mon-Sun
TSR-IJK-ORD,TSR-IJK-ORD-T02,UP,Irinjalakuda,07:02,Mon-Sun
TSR-IJK-ORD,TSR-IJK-ORD-T03,UP,Thrissur,07:00,Mon-Sun
TSR-IJK-ORD,TSR-IJK-ORD-T03,UP,Ollur,07:08,Mon-Sun
TSR-IJK-ORD,TSR-IJK-ORD-T03,UP,Pudukad,07:16,Mon-Sun
TSR-IJK-ORD,TSR-IJK-ORD-T03,UP,Nellayi,07:24,Mon-Sun
TSR-IJK-ORD,TSR-IJK-ORD-T03,UP,Irinjalakuda,07:32,Mon-Sun
TSR-IJK-ORD,TSR-IJK-ORD-T04,UP,Thrissur,07:30,Mon-Sun
TSR-IJK-ORD,TSR-IJK-ORD-T04,UP,Ollur,07:38,Mon-Sun
TSR-IJK-ORD,TSR-IJK-ORD-T04,UP,Pudukad,07:46,Mon-Sun
TSR-IJK-ORD,TSR-IJK-ORD-T04,UP,Nellayi,07:54,Mon-Sun
TSR-IJK-ORD,TSR-IJK-ORD-T04,UP,Irinjalakuda,08:02,Mon-Sun
TSR-IJK-ORD,TSR-IJK-ORD-T05,UP,Thrissur,08:00,Mon-Sun
TSR-IJK-ORD,TSR-IJK-ORD-T05,UP,Ollur,08:08,Mon-Sun
TSR-IJK-ORD,TSR-IJK-ORD-T05,UP,Pudukad,08:16,Mon-Sun
TSR-IJK-ORD,TSR-IJK-ORD-T05,UP,Nellayi,08:24,Mon-Sun
TSR-IJK-ORD,TSR-IJK-ORD-T05,UP,Irinjalakuda,08:32,Mon-Sun
TSR-IJK-ORD,TSR-IJK-ORD-T06,UP,Thrissur,08:30,Mon-Sun
TSR-IJK-ORD,TSR-IJK-ORD-T06,UP,Ollur,08:38,Mon-Sun
TSR-IJK-ORD,TSR-IJK-ORD-T06,UP,Pudukad,08:46,Mon-Sun
TSR-IJK-ORD,TSR-IJK-ORD-T06,UP,Nellayi,08:54,Mon-Sun
TSR-IJK-ORD,TSR-IJK-ORD-T06,UP,Irinjalakuda,09:02,Mon-Sun
TSR-IJK-ORD,TSR-IJK-ORD-T07,UP,Thrissur,09:00,Mon-Sun
TSR-IJK-ORD,TSR-IJK-ORD-T07,UP,Ollur,09:08,Mon-Sun
TSR-IJK-ORD,TSR-IJK-ORD-T07,UP,Pudukad,09:16,Mon-Sun
TSR-IJK-ORD,TSR-IJK-ORD-T07,UP,Nellayi,09:24,Mon-Sun
TSR-IJK-ORD,TSR-IJK-ORD-T07,UP,Irinjalakuda,09:32,Mon-Sun
TSR-IJK-ORD,TSR-IJK-ORD-T08,UP,Thrissur,09:30,Mon-Sun
TSR-IJK-ORD,TSR-IJK-ORD-T08,UP,Ollur,09:38,Mon-Sun
TSR-IJK-ORD,TSR-IJK-ORD-T08,UP,Pudukad,09:46,Mon-Sun
TSR-IJK-ORD,TSR-IJK-ORD-T08,UP,Nellayi,09:54,Mon-Sun
TSR-IJK-ORD,TSR-IJK-ORD-T08,UP,Irinjalakuda,10:02,Mon-Sun
TSR-IJK-ORD,TSR-IJK-ORD-T09,UP,Thrissur,10:00,Mon-Sun
TSR-IJK-ORD,TSR-IJK-ORD-T09,UP,Ollur,10:08,Mon-Sun
TSR-IJK-ORD,TSR-IJK-ORD-T09,UP,Pudukad,10:16,Mon-Sun
TSR-IJK-ORD,TSR-IJK-ORD-T09,UP,Nellayi,10:24,Mon-Sun
TSR-IJK-ORD,TSR-IJK-ORD-T09,UP,Irinjalakuda,10:32,Mon-Sun
TSR-IJK-ORD,TSR-IJK-ORD-T10,UP,Thrissur,10:30,Mon-Sun
TSR-IJK-ORD,TSR-IJK-ORD-T10,UP,Ollur,10:38,Mon-Sun
TSR-IJK-ORD,TSR-IJK-ORD-T10,UP,Pudukad,10:46,Mon-Sun
TSR-IJK-ORD,TSR-IJK-ORD-T10,UP,Nellayi,10:54,Mon-Sun
TSR-IJK-ORD,TSR-IJK-ORD-T10,UP,Irinjalakuda,11:02,Mon-Sun
TSR-IJK-ORD,TSR-IJK-ORD-T11,UP,Thrissur,11:00,Mon-Sun
TSR-IJK-ORD,TSR-IJK-ORD-T11,UP,Ollur,11:08,Mon-Sun
TSR-IJK-ORD,TSR-IJK-ORD-T11,UP,Pudukad,11:16,Mon-Sun
TSR-IJK-ORD,TSR-IJK-ORD-T11,UP,Nellayi,11:24,Mon-Sun
TSR-IJK-ORD,TSR-IJK-ORD-T11,UP,Irinjalakuda,11:32,Mon-Sun
TSR-IJK-ORD,TSR-IJK-ORD-T12,UP,Thrissur,11:30,Mon-Sun
TSR-IJK-ORD,TSR-IJK-ORD-T12,UP,Ollur,11:38,Mon-Sun
TSR-IJK-ORD,TSR-IJK-ORD-T12,UP,Pudukad,11:46,Mon-Sun
TSR-IJK-ORD,TSR-IJK-ORD-T12,UP,Nellayi,11:54,Mon-Sun
TSR-IJK-ORD,TSR-IJK-ORD-T12,UP,Irinjalakuda,12:02,Mon-Sun
TSR-IJK-ORD,TSR-IJK-ORD-T13,UP,Thrissur,12:00,Mon-Sun
TSR-IJK-ORD,TSR-IJK-ORD-T13,UP,Ollur,12:08,Mon-Sun
TSR-IJK-ORD,TSR-IJK-ORD-T13,UP,Pudukad,12:16,Mon-Sun
TSR-IJK-ORD,TSR-IJK-ORD-T13,UP,Nellayi,12:24,Mon-Sun
TSR-IJK-ORD,TSR-IJK-ORD-T13,UP,Irinjalakuda,12:32,Mon-Sun
TSR-IJK-ORD,TSR-IJK-ORD-T14,UP,Thrissur,12:30,Mon-Sun
TSR-IJK-ORD,TSR-IJK-ORD-T14,UP,Ollur,12:38,Mon-Sun
TSR-IJK-ORD,TSR-IJK-ORD-T14,UP,Pudukad,12:46,Mon-Sun
TSR-IJK-ORD,TSR-IJK-ORD-T14,UP,Nellayi,12:54,Mon-Sun
TSR-IJK-ORD,TSR-IJK-ORD-T14,UP,Irinjalakuda,13:02,Mon-Sun
TSR-IJK-ORD,TSR-IJK-ORD-T15,UP,Thrissur,13:00,Mon-Sun
TSR-IJK-ORD,TSR-IJK-ORD-T15,UP,Ollur,13:08,Mon-Sun
TSR-IJK-ORD,TSR-IJK-ORD-T15,UP,Pudukad,13:16,Mon-Sun
TSR-IJK-ORD,TSR-IJK-ORD-T15,UP,Nellayi,13:24,Mon-Sun
TSR-IJK-ORD,TSR-IJK-ORD-T15,UP,Irinjalakuda,13:32,Mon-Sun
TSR-IJK-ORD,TSR-IJK-ORD-T16,UP,Thrissur,13:30,Mon-Sun
TSR-IJK-ORD,TSR-IJK-ORD-T16,UP,Ollur,13:38,Mon-Sun
TSR-IJK-ORD,TSR-IJK-ORD-T16,UP,Pudukad,13:46,Mon-Sun
TSR-IJK-ORD,TSR-IJK-ORD-T16,UP,Nellayi,13:54,Mon-Sun
TSR-IJK-ORD,TSR-IJK-ORD-T16,UP,Irinjalakuda,14:02,Mon-Sun
TSR-IJK-ORD,TSR-IJK-ORD-T17,UP,Thrissur,14:00,Mon-Sun
TSR-IJK-ORD,TSR-IJK-ORD-T17,UP,Ollur,14:08,Mon-Sun
TSR-IJK-ORD,TSR-IJK-ORD-T17,UP,Pudukad,14:16,Mon-Sun
TSR-IJK-ORD,TSR-IJK-ORD-T17,UP,Nellayi,14:24,Mon-Sun
TSR-IJK-ORD,TSR-IJK-ORD-T17,UP,Irinjalakuda,14:32,Mon-Sun
TSR-IJK-ORD,TSR-IJK-ORD-T18,UP,Thrissur,14:30,Mon-Sun
TSR-IJK-ORD,TSR-IJK-ORD-T18,UP,Ollur,14:38,Mon-Sun
TSR-IJK-ORD,TSR-IJK-ORD-T18,UP,Pudukad,14:46,Mon-Sun
TSR-IJK-ORD,TSR-IJK-ORD-T18,UP,Nellayi,14:54,Mon-Sun
TSR-IJK-ORD,TSR-IJK-ORD-T18,UP,Irinjalakuda,15:02,Mon-Sun
TSR-IJK-ORD,TSR-IJK-ORD-T19,UP,Thrissur,15:00,Mon-Sun
TSR-IJK-ORD,TSR-IJK-ORD-T19,UP,Ollur,15:08,Mon-Sun
TSR-IJK-ORD,TSR-IJK-ORD-T19,UP,Pudukad,15:16,Mon-Sun
TSR-IJK-ORD,TSR-IJK-ORD-T19,UP,Nellayi,15:24,Mon-Sun
TSR-IJK-ORD,TSR-IJK-ORD-T19,UP,Irinjalakuda,15:32,Mon-Sun
TSR-IJK-ORD,TSR-IJK-ORD-T20,UP,Thrissur,15:30,Mon-Sun
TSR-IJK-ORD,TSR-IJK-ORD-T20,UP,Ollur,15:38,Mon-Sun
TSR-IJK-ORD,TSR-IJK-ORD-T20,UP,Pudukad,15:46,Mon-Sun
TSR-IJK-ORD,TSR-IJK-ORD-T20,UP,Nellayi,15:54,Mon-Sun
TSR-IJK-ORD,TSR-IJK-ORD-T20,UP,Irinjalakuda,16:02,Mon-Sun
TSR-IJK-ORD,TSR-IJK-ORD-T21,UP,Thrissur,16:00,Mon-Sun
TSR-IJK-ORD,TSR-IJK-ORD-T21,UP,Ollur,16:08,Mon-Sun
TSR-IJK-ORD,TSR-IJK-ORD-T21,UP,Pudukad,16:16,Mon-Sun
TSR-IJK-ORD,TSR-IJK-ORD-T21,UP,Nellayi,16:24,Mon-Sun
TSR-IJK-ORD,TSR-IJK-ORD-T21,UP,Irinjalakuda,16:32,Mon-Sun
TSR-IJK-ORD,TSR-IJK-ORD-T22,UP,Thrissur,16:30,Mon-Sun
TSR-IJK-ORD,TSR-IJK-ORD-T22,UP,Ollur,16:38,Mon-Sun
TSR-IJK-ORD,TSR-IJK-ORD-T22,UP,Pudukad,16:46,Mon-Sun
TSR-IJK-ORD,TSR-IJK-ORD-T22,UP,Nellayi,16:54,Mon-Sun
TSR-IJK-ORD,TSR-IJK-ORD-T22,UP,Irinjalakuda,17:02,Mon-Sun
TSR-IJK-ORD,TSR-IJK-ORD-T23,UP,Thrissur,17:00,Mon-Sun
TSR-IJK-ORD,TSR-IJK-ORD-T23,UP,Ollur,17:08,Mon-Sun
TSR-IJK-ORD,TSR-IJK-ORD-T23,UP,Pudukad,17:16,Mon-Sun
TSR-IJK-ORD,TSR-IJK-ORD-T23,UP,Nellayi,17:24,Mon-Sun
TSR-IJK-ORD,TSR-IJK-ORD-T23,UP,Irinjalakuda,17:32,Mon-Sun
TSR-IJK-ORD,TSR-IJK-ORD-T24,UP,Thrissur,17:30,Mon-Sun
TSR-IJK-ORD,TSR-IJK-ORD-T24,UP,Ollur,17:38,Mon-Sun
TSR-IJK-ORD,TSR-IJK-ORD-T24,UP,Pudukad,17:46,Mon-Sun
TSR-IJK-ORD,TSR-IJK-ORD-T24,UP,Nellayi,17:54,Mon-Sun
TSR-IJK-ORD,TSR-IJK-ORD-T24,UP,Irinjalakuda,18:02,Mon-Sun
TSR-IJK-ORD,TSR-IJK-ORD-T25,UP,Thrissur,18:00,Mon-Sun
TSR-IJK-ORD,TSR-IJK-ORD-T25,UP,Ollur,18:08,Mon-Sun
TSR-IJK-ORD,TSR-IJK-ORD-T25,UP,Pudukad,18:16,Mon-Sun
TSR-IJK-ORD,TSR-IJK-ORD-T25,UP,Nellayi,18:24,Mon-Sun
TSR-IJK-ORD,TSR-IJK-ORD-T25,UP,Irinjalakuda,18:32,Mon-Sun
TSR-IJK-ORD,TSR-IJK-ORD-T26,UP,Thrissur,18:30,Mon-Sun
TSR-IJK-ORD,TSR-IJK-ORD-T26,UP,Ollur,18:38,Mon-Sun
TSR-IJK-ORD,TSR-IJK-ORD-T26,UP,Pudukad,18:46,Mon-Sun
TSR-IJK-ORD,TSR-IJK-ORD-T26,UP,Nellayi,18:54,Mon-Sun
TSR-IJK-ORD,TSR-IJK-ORD-T26,UP,Irinjalakuda,19:02,Mon-Sun
TSR-IJK-ORD,TSR-IJK-ORD-T27,UP,Thrissur,19:00,Mon-Sun
TSR-IJK-ORD,TSR-IJK-ORD-T27,UP,Ollur,19:08,Mon-Sun
TSR-IJK-ORD,TSR-IJK-ORD-T27,UP,Pudukad,19:16,Mon-Sun
TSR-IJK-ORD,TSR-IJK-ORD-T27,UP,Nellayi,19:24,Mon-Sun
TSR-IJK-ORD,TSR-IJK-ORD-T27,UP,Irinjalakuda,19:32,Mon-Sun
TSR-IJK-ORD,TSR-IJK-ORD-T28,UP,Thrissur,19:30,Mon-Sun
TSR-IJK-ORD,TSR-IJK-ORD-T28,UP,Ollur,19:38,Mon-Sun
TSR-IJK-ORD,TSR-IJK-ORD-T28,UP,Pudukad,19:46,Mon-Sun
TSR-IJK-ORD,TSR-IJK-ORD-T28,UP,Nellayi,19:54,Mon-Sun
TSR-IJK-ORD,TSR-IJK-ORD-T28,UP,Irinjalakuda,20:02,Mon-Sun
TSR-IJK-ORD,TSR-IJK-ORD-T29,UP,Thrissur,20:00,Mon-Sun
TSR-IJK-ORD,TSR-IJK-ORD-T29,UP,Ollur,20:08,Mon-Sun
TSR-IJK-ORD,TSR-IJK-ORD-T29,UP,Pudukad,20:16,Mon-Sun
TSR-IJK-ORD,TSR-IJK-ORD-T29,UP,Nellayi,20:24,Mon-Sun
TSR-IJK-ORD,TSR-IJK-ORD-T29,UP,Irinjalakuda,20:32,Mon-Sun
TSR-IJK-ORD,TSR-IJK-ORD-T30,UP,Thrissur,20:30,Mon-Sun
TSR-IJK-ORD,TSR-IJK-ORD-T30,UP,Ollur,20:38,Mon-Sun
TSR-IJK-ORD,TSR-IJK-ORD-T30,UP,Pudukad,20:46,Mon-Sun
TSR-IJK-ORD,TSR-IJK-ORD-T30,UP,Nellayi,20:54,Mon-Sun
TSR-IJK-ORD,TSR-IJK-ORD-T30,UP,Irinjalakuda,21:02,Mon-Sun
TSR-IJK-ORD,TSR-IJK-ORD-T31,UP,Thrissur,21:00,Mon-Sun
TSR-IJK-ORD,TSR-IJK-ORD-T31,UP,Ollur,21:08,Mon-Sun
TSR-IJK-ORD,TSR-IJK-ORD-T31,UP,Pudukad,21:16,Mon-Sun
TSR-IJK-ORD,TSR-IJK-ORD-T31,UP,Nellayi,21:24,Mon-Sun
TSR-IJK-ORD,TSR-IJK-ORD-T31,UP,Irinjalakuda,21:32,Mon-Sun
TSR-CKY-FP,TSR-CKY-FP-T01,UP,Thrissur,06:00,Mon-Sun
TSR-CKY-FP,TSR-CKY-FP-T01,UP,Ollur,06:06,Mon-Sun
TSR-CKY-FP,TSR-CKY-FP-T01,UP,Amballur,06:12,Mon-Sun
TSR-CKY-FP,TSR-CKY-FP-T01,UP,Koratty,06:18,Mon-Sun
TSR-CKY-FP,TSR-CKY-FP-T01,UP,Chalakudy,06:24,Mon-Sun
TSR-CKY-FP,TSR-CKY-FP-T02,UP,Thrissur,07:00,Mon-Sun
TSR-CKY-FP,TSR-CKY-FP-T02,UP,Ollur,07:06,Mon-Sun
TSR-CKY-FP,TSR-CKY-FP-T02,UP,Amballur,07:12,Mon-Sun
TSR-CKY-FP,TSR-CKY-FP-T02,UP,Koratty,07:18,Mon-Sun
TSR-CKY-FP,TSR-CKY-FP-T02,UP,Chalakudy,07:24,Mon-Sun
TSR-CKY-FP,TSR-CKY-FP-T03,UP,Thrissur,08:00,Mon-Sun
TSR-CKY-FP,TSR-CKY-FP-T03,UP,Ollur,08:06,Mon-Sun
TSR-CKY-FP,TSR-CKY-FP-T03,UP,Amballur,08:12,Mon-Sun
TSR-CKY-FP,TSR-CKY-FP-T03,UP,Koratty,08:18,Mon-Sun
TSR-CKY-FP,TSR-CKY-FP-T03,UP,Chalakudy,08:24,Mon-Sun
TSR-CKY-FP,TSR-CKY-FP-T04,UP,Thrissur,09:00,Mon-Sun
TSR-CKY-FP,TSR-CKY-FP-T04,UP,Ollur,09:06,Mon-Sun
TSR-CKY-FP,TSR-CKY-FP-T04,UP,Amballur,09:12,Mon-Sun
TSR-CKY-FP,TSR-CKY-FP-T04,UP,Koratty,09:18,Mon-Sun
TSR-CKY-FP,TSR-CKY-FP-T04,UP,Chalakudy,09:24,Mon-Sun
TSR-CKY-FP,TSR-CKY-FP-T05,UP,Thrissur,10:00,Mon-Sun
TSR-CKY-FP,TSR-CKY-FP-T05,UP,Ollur,10:06,Mon-Sun
TSR-CKY-FP,TSR-CKY-FP-T05,UP,Amballur,10:12,Mon-Sun
TSR-CKY-FP,TSR-CKY-FP-T05,UP,Koratty,10:18,Mon-Sun
TSR-CKY-FP,TSR-CKY-FP-T05,UP,Chalakudy,10:24,Mon-Sun
TSR-CKY-FP,TSR-CKY-FP-T06,UP,Thrissur,11:00,Mon-Sun
TSR-CKY-FP,TSR-CKY-FP-T06,UP,Ollur,11:06,Mon-Sun
TSR-CKY-FP,TSR-CKY-FP-T06,UP,Amballur,11:12,Mon-Sun
TSR-CKY-FP,TSR-CKY-FP-T06,UP,Koratty,11:18,Mon-Sun
TSR-CKY-FP,TSR-CKY-FP-T06,UP,Chalakudy,11:24,Mon-Sun
TSR-CKY-FP,TSR-CKY-FP-T07,UP,Thrissur,12:00,Mon-Sun
TSR-CKY-FP,TSR-CKY-FP-T07,UP,Ollur,12:06,Mon-Sun
TSR-CKY-FP,TSR-CKY-FP-T07,UP,Amballur,12:12,Mon-Sun
TSR-CKY-FP,TSR-CKY-FP-T07,UP,Koratty,12:18,Mon-Sun
TSR-CKY-FP,TSR-CKY-FP-T07,UP,Chalakudy,12:24,Mon-Sun
TSR-CKY-FP,TSR-CKY-FP-T08,UP,Thrissur,13:00,Mon-Sun
TSR-CKY-FP,TSR-CKY-FP-T08,UP,Ollur,13:06,Mon-Sun
TSR-CKY-FP,TSR-CKY-FP-T08,UP,Amballur,13:12,Mon-Sun
TSR-CKY-FP,TSR-CKY-FP-T08,UP,Koratty,13:18,Mon-Sun
TSR-CKY-FP,TSR-CKY-FP-T08,UP,Chalakudy,13:24,Mon-Sun
TSR-CKY-FP,TSR-CKY-FP-T09,UP,Thrissur,14:00,Mon-Sun
TSR-CKY-FP,TSR-CKY-FP-T09,UP,Ollur,14:06,Mon-Sun
TSR-CKY-FP,TSR-CKY-FP-T09,UP,Amballur,14:12,Mon-Sun
TSR-CKY-FP,TSR-CKY-FP-T09,UP,Koratty,14:18,Mon-Sun
TSR-CKY-FP,TSR-CKY-FP-T09,UP,Chalakudy,14:24,Mon-Sun
TSR-CKY-FP,TSR-CKY-FP-T10,UP,Thrissur,15:00,Mon-Sun
TSR-CKY-FP,TSR-CKY-FP-T10,UP,Ollur,15:06,Mon-Sun
TSR-CKY-FP,TSR-CKY-FP-T10,UP,Amballur,15:12,Mon-Sun
TSR-CKY-FP,TSR-CKY-FP-T10,UP,Koratty,15:18,Mon-Sun
TSR-CKY-FP,TSR-CKY-FP-T10,UP,Chalakudy,15:24,Mon-Sun
TSR-CKY-FP,TSR-CKY-FP-T11,UP,Thrissur,16:00,Mon-Sun
TSR-CKY-FP,TSR-CKY-FP-T11,UP,Ollur,16:06,Mon-Sun
TSR-CKY-FP,TSR-CKY-FP-T11,UP,Amballur,16:12,Mon-Sun
TSR-CKY-FP,TSR-CKY-FP-T11,UP,Koratty,16:18,Mon-Sun
TSR-CKY-FP,TSR-CKY-FP-T11,UP,Chalakudy,16:24,Mon-Sun
TSR-CKY-FP,TSR-CKY-FP-T12,UP,Thrissur,17:00,Mon-Sun
TSR-CKY-FP,TSR-CKY-FP-T12,UP,Ollur,17:06,Mon-Sun
TSR-CKY-FP,TSR-CKY-FP-T12,UP,Amballur,17:12,Mon-Sun
TSR-CKY-FP,TSR-CKY-FP-T12,UP,Koratty,17:18,Mon-Sun
TSR-CKY-FP,TSR-CKY-FP-T12,UP,Chalakudy,17:24,Mon-Sun
TSR-CKY-FP,TSR-CKY-FP-T13,UP,Thrissur,18:00,Mon-Sun
TSR-CKY-FP,TSR-CKY-FP-T13,UP,Ollur,18:06,Mon-Sun
TSR-CKY-FP,TSR-CKY-FP-T13,UP,Amballur,18:12,Mon-Sun
TSR-CKY-FP,TSR-CKY-FP-T13,UP,Koratty,18:18,Mon-Sun
TSR-CKY-FP,TSR-CKY-FP-T13,UP,Chalakudy,18:24,Mon-Sun
TSR-CKY-FP,TSR-CKY-FP-T14,UP,Thrissur,19:00,Mon-Sun
TSR-CKY-FP,TSR-CKY-FP-T14,UP,Ollur,19:06,Mon-Sun
TSR-CKY-FP,TSR-CKY-FP-T14,UP,Amballur,19:12,Mon-Sun
TSR-CKY-FP,TSR-CKY-FP-T14,UP,Koratty,19:18,Mon-Sun
TSR-CKY-FP,TSR-CKY-FP-T14,UP,Chalakudy,19:24,Mon-Sun
TSR-CKY-FP,TSR-CKY-FP-T15,UP,Thrissur,20:00,Mon-Sun
TSR-CKY-FP,TSR-CKY-FP-T15,UP,Ollur,20:06,Mon-Sun
TSR-CKY-FP,TSR-CKY-FP-T15,UP,Amballur,20:12,Mon-Sun
TSR-CKY-FP,TSR-CKY-FP-T15,UP,Koratty,20:18,Mon-Sun
TSR-CKY-FP,TSR-CKY-FP-T15,UP,Chalakudy,20:24,Mon-Sun
TSR-CKY-FP,TSR-CKY-FP-T16,UP,Thrissur,21:00,Mon-Sun
TSR-CKY-FP,TSR-CKY-FP-T16,UP,Ollur,21:06,Mon-Sun
TSR-CKY-FP,TSR-CKY-FP-T16,UP,Amballur,21:12,Mon-Sun
TSR-CKY-FP,TSR-CKY-FP-T16,UP,Koratty,21:18,Mon-Sun
TSR-CKY-FP,TSR-CKY-FP-T16,UP,Chalakudy,21:24,Mon-Sun
TSR-WDK-ORD,TSR-WDK-ORD-T01,UP,Thrissur,06:00,Mon-Sun
TSR-WDK-ORD,TSR-WDK-ORD-T01,UP,Mulankunnathukavu,06:10,Mon-Sun
TSR-WDK-ORD,TSR-WDK-ORD-T01,UP,Mulloorkara,06:20,Mon-Sun
TSR-WDK-ORD,TSR-WDK-ORD-T01,UP,Wadakkanchery,06:30,Mon-Sun
TSR-WDK-ORD,TSR-WDK-ORD-T02,UP,Thrissur,07:00,Mon-Sun
TSR-WDK-ORD,TSR-WDK-ORD-T02,UP,Mulankunnathukavu,07:10,Mon-Sun
TSR-WDK-ORD,TSR-WDK-ORD-T02,UP,Mulloorkara,07:20,Mon-Sun
TSR-WDK-ORD,TSR-WDK-ORD-T02,UP,Wadakkanchery,07:30,Mon-Sun
TSR-WDK-ORD,TSR-WDK-ORD-T03,UP,Thrissur,08:00,Mon-Sun
TSR-WDK-ORD,TSR-WDK-ORD-T03,UP,Mulankunnathukavu,08:10,Mon-Sun
TSR-WDK-ORD,TSR-WDK-ORD-T03,UP,Mulloorkara,08:20,Mon-Sun
TSR-WDK-ORD,TSR-WDK-ORD-T03,UP,Wadakkanchery,08:30,Mon-Sun
TSR-WDK-ORD,TSR-WDK-ORD-T04,UP,Thrissur,09:00,Mon-Sun
TSR-WDK-ORD,TSR-WDK-ORD-T04,UP,Mulankunnathukavu,09:10,Mon-Sun
TSR-WDK-ORD,TSR-WDK-ORD-T04,UP,Mulloorkara,09:20,Mon-Sun
TSR-WDK-ORD,TSR-WDK-ORD-T04,UP,Wadakkanchery,09:30,Mon-Sun
TSR-WDK-ORD,TSR-WDK-ORD-T05,UP,Thrissur,10:00,Mon-Sun
TSR-WDK-ORD,TSR-WDK-ORD-T05,UP,Mulankunnathukavu,10:10,Mon-Sun
TSR-WDK-ORD,TSR-WDK-ORD-T05,UP,Mulloorkara,10:20,Mon-Sun
TSR-WDK-ORD,TSR-WDK-ORD-T05,UP,Wadakkanchery,10:30,Mon-Sun
TSR-WDK-ORD,TSR-WDK-ORD-T06,UP,Thrissur,11:00,Mon-Sun
TSR-WDK-ORD,TSR-WDK-ORD-T06,UP,Mulankunnathukavu,11:10,Mon-Sun
TSR-WDK-ORD,TSR-WDK-ORD-T06,UP,Mulloorkara,11:20,Mon-Sun
TSR-WDK-ORD,TSR-WDK-ORD-T06,UP,Wadakkanchery,11:30,Mon-Sun
TSR-WDK-ORD,TSR-WDK-ORD-T07,UP,Thrissur,12:00,Mon-Sun
TSR-WDK-ORD,TSR-WDK-ORD-T07,UP,Mulankunnathukavu,12:10,Mon-Sun
TSR-WDK-ORD,TSR-WDK-ORD-T07,UP,Mulloorkara,12:20,Mon-Sun
TSR-WDK-ORD,TSR-WDK-ORD-T07,UP,Wadakkanchery,12:30,Mon-Sun
TSR-WDK-ORD,TSR-WDK-ORD-T08,UP,Thrissur,13:00,Mon-Sun
TSR-WDK-ORD,TSR-WDK-ORD-T08,UP,Mulankunnathukavu,13:10,Mon-Sun
TSR-WDK-ORD,TSR-WDK-ORD-T08,UP,Mulloorkara,13:20,Mon-Sun
TSR-WDK-ORD,TSR-WDK-ORD-T08,UP,Wadakkanchery,13:30,Mon-Sun
TSR-WDK-ORD,TSR-WDK-ORD-T09,UP,Thrissur,14:00,Mon-Sun
TSR-WDK-ORD,TSR-WDK-ORD-T09,UP,Mulankunnathukavu,14:10,Mon-Sun
TSR-WDK-ORD,TSR-WDK-ORD-T09,UP,Mulloorkara,14:20,Mon-Sun
TSR-WDK-ORD,TSR-WDK-ORD-T09,UP,Wadakkanchery,14:30,Mon-Sun
TSR-WDK-ORD,TSR-WDK-ORD-T10,UP,Thrissur,15:00,Mon-Sun
TSR-WDK-ORD,TSR-WDK-ORD-T10,UP,Mulankunnathukavu,15:10,Mon-Sun
TSR-WDK-ORD,TSR-WDK-ORD-T10,UP,Mulloorkara,15:20,Mon-Sun
TSR-WDK-ORD,TSR-WDK-ORD-T10,UP,Wadakkanchery,15:30,Mon-Sun
TSR-WDK-ORD,TSR-WDK-ORD-T11,UP,Thrissur,16:00,Mon-Sun
TSR-WDK-ORD,TSR-WDK-ORD-T11,UP,Mulankunnathukavu,16:10,Mon-Sun
TSR-WDK-ORD,TSR-WDK-ORD-T11,UP,Mulloorkara,16:20,Mon-Sun
TSR-WDK-ORD,TSR-WDK-ORD-T11,UP,Wadakkanchery,16:30,Mon-Sun
TSR-WDK-ORD,TSR-WDK-ORD-T12,UP,Thrissur,17:00,Mon-Sun
TSR-WDK-ORD,TSR-WDK-ORD-T12,UP,Mulankunnathukavu,17:10,Mon-Sun
TSR-WDK-ORD,TSR-WDK-ORD-T12,UP,Mulloorkara,17:20,Mon-Sun
TSR-WDK-ORD,TSR-WDK-ORD-T12,UP,Wadakkanchery,17:30,Mon-Sun
TSR-WDK-ORD,TSR-WDK-ORD-T13,UP,Thrissur,18:00,Mon-Sun
TSR-WDK-ORD,TSR-WDK-ORD-T13,UP,Mulankunnathukavu,18:10,Mon-Sun
TSR-WDK-ORD,TSR-WDK-ORD-T13,UP,Mulloorkara,18:20,Mon-Sun
TSR-WDK-ORD,TSR-WDK-ORD-T13,UP,Wadakkanchery,18:30,Mon-Sun
TSR-WDK-ORD,TSR-WDK-ORD-T14,UP,Thrissur,19:00,Mon-Sun
TSR-WDK-ORD,TSR-WDK-ORD-T14,UP,Mulankunnathukavu,19:10,Mon-Sun
TSR-WDK-ORD,TSR-WDK-ORD-T14,UP,Mulloorkara,19:20,Mon-Sun
TSR-WDK-ORD,TSR-WDK-ORD-T14,UP,Wadakkanchery,19:30,Mon-Sun
TSR-WDK-ORD,TSR-WDK-ORD-T15,UP,Thrissur,20:00,Mon-Sun
TSR-WDK-ORD,TSR-WDK-ORD-T15,UP,Mulankunnathukavu,20:10,Mon-Sun
TSR-WDK-ORD,TSR-WDK-ORD-T15,UP,Mulloorkara,20:20,Mon-Sun
TSR-WDK-ORD,TSR-WDK-ORD-T15,UP,Wadakkanchery,20:30,Mon-Sun
TSR-WDK-ORD,TSR-WDK-ORD-T16,UP,Thrissur,21:00,Mon-Sun
TSR-WDK-ORD,TSR-WDK-ORD-T16,UP,Mulankunnathukavu,21:10,Mon-Sun
TSR-WDK-ORD,TSR-WDK-ORD-T16,UP,Mulloorkara,21:20,Mon-Sun
TSR-WDK-ORD,TSR-WDK-ORD-T16,UP,Wadakkanchery,21:30,Mon-Sun
TSR-EKM-SF,TSR-EKM-SF-T01,UP,Thrissur,06:00,Mon-Sun
TSR-EKM-SF,TSR-EKM-SF-T01,UP,Chalakudy,06:08,Mon-Sun
TSR-EKM-SF,TSR-EKM-SF-T01,UP,Angamaly,06:16,Mon-Sun
TSR-EKM-SF,TSR-EKM-SF-T01,UP,Aluva,06:24,Mon-Sun
TSR-EKM-SF,TSR-EKM-SF-T01,UP,Edappally,06:32,Mon-Sun
TSR-EKM-SF,TSR-EKM-SF-T01,UP,Vyttila Hub,06:40,Mon-Sun
TSR-EKM-SF,TSR-EKM-SF-T02,UP,Thrissur,07:00,Mon-Sun
TSR-EKM-SF,TSR-EKM-SF-T02,UP,Chalakudy,07:08,Mon-Sun
TSR-EKM-SF,TSR-EKM-SF-T02,UP,Angamaly,07:16,Mon-Sun
TSR-EKM-SF,TSR-EKM-SF-T02,UP,Aluva,07:24,Mon-Sun
TSR-EKM-SF,TSR-EKM-SF-T02,UP,Edappally,07:32,Mon-Sun
TSR-EKM-SF,TSR-EKM-SF-T02,UP,Vyttila Hub,07:40,Mon-Sun
TSR-EKM-SF,TSR-EKM-SF-T03,UP,Thrissur,08:00,Mon-Sun
TSR-EKM-SF,TSR-EKM-SF-T03,UP,Chalakudy,08:08,Mon-Sun
TSR-EKM-SF,TSR-EKM-SF-T03,UP,Angamaly,08:16,Mon-Sun
TSR-EKM-SF,TSR-EKM-SF-T03,UP,Aluva,08:24,Mon-Sun
TSR-EKM-SF,TSR-EKM-SF-T03,UP,Edappally,08:32,Mon-Sun
TSR-EKM-SF,TSR-EKM-SF-T03,UP,Vyttila Hub,08:40,Mon-Sun
TSR-EKM-SF,TSR-EKM-SF-T04,UP,Thrissur,09:00,Mon-Sun
TSR-EKM-SF,TSR-EKM-SF-T04,UP,Chalakudy,09:08,Mon-Sun
TSR-EKM-SF,TSR-EKM-SF-T04,UP,Angamaly,09:16,Mon-Sun
TSR-EKM-SF,TSR-EKM-SF-T04,UP,Aluva,09:24,Mon-Sun
TSR-EKM-SF,TSR-EKM-SF-T04,UP,Edappally,09:32,Mon-Sun
TSR-EKM-SF,TSR-EKM-SF-T04,UP,Vyttila Hub,09:40,Mon-Sun
TSR-EKM-SF,TSR-EKM-SF-T05,UP,Thrissur,10:00,Mon-Sun
TSR-EKM-SF,TSR-EKM-SF-T05,UP,Chalakudy,10:08,Mon-Sun
TSR-EKM-SF,TSR-EKM-SF-T05,UP,Angamaly,10:16,Mon-Sun
TSR-EKM-SF,TSR-EKM-SF-T05,UP,Aluva,10:24,Mon-Sun
TSR-EKM-SF,TSR-EKM-SF-T05,UP,Edappally,10:32,Mon-Sun
TSR-EKM-SF,TSR-EKM-SF-T05,UP,Vyttila Hub,10:40,Mon-Sun
TSR-EKM-SF,TSR-EKM-SF-T06,UP,Thrissur,11:00,Mon-Sun
TSR-EKM-SF,TSR-EKM-SF-T06,UP,Chalakudy,11:08,Mon-Sun
TSR-EKM-SF,TSR-EKM-SF-T06,UP,Angamaly,11:16,Mon-Sun
TSR-EKM-SF,TSR-EKM-SF-T06,UP,Aluva,11:24,Mon-Sun
TSR-EKM-SF,TSR-EKM-SF-T06,UP,Edappally,11:32,Mon-Sun
TSR-EKM-SF,TSR-EKM-SF-T06,UP,Vyttila Hub,11:40,Mon-Sun
TSR-EKM-SF,TSR-EKM-SF-T07,UP,Thrissur,12:00,Mon-Sun
TSR-EKM-SF,TSR-EKM-SF-T07,UP,Chalakudy,12:08,Mon-Sun
TSR-EKM-SF,TSR-EKM-SF-T07,UP,Angamaly,12:16,Mon-Sun
TSR-EKM-SF,TSR-EKM-SF-T07,UP,Aluva,12:24,Mon-Sun
TSR-EKM-SF,TSR-EKM-SF-T07,UP,Edappally,12:32,Mon-Sun
TSR-EKM-SF,TSR-EKM-SF-T07,UP,Vyttila Hub,12:40,Mon-Sun
TSR-EKM-SF,TSR-EKM-SF-T08,UP,Thrissur,13:00,Mon-Sun
TSR-EKM-SF,TSR-EKM-SF-T08,UP,Chalakudy,13:08,Mon-Sun
TSR-EKM-SF,TSR-EKM-SF-T08,UP,Angamaly,13:16,Mon-Sun
TSR-EKM-SF,TSR-EKM-SF-T08,UP,Aluva,13:24,Mon-Sun
TSR-EKM-SF,TSR-EKM-SF-T08,UP,Edappally,13:32,Mon-Sun
TSR-EKM-SF,TSR-EKM-SF-T08,UP,Vyttila Hub,13:40,Mon-Sun
TSR-EKM-SF,TSR-EKM-SF-T09,UP,Thrissur,14:00,Mon-Sun
TSR-EKM-SF,TSR-EKM-SF-T09,UP,Chalakudy,14:08,Mon-Sun
TSR-EKM-SF,TSR-EKM-SF-T09,UP,Angamaly,14:16,Mon-Sun
TSR-EKM-SF,TSR-EKM-SF-T09,UP,Aluva,14:24,Mon-Sun
TSR-EKM-SF,TSR-EKM-SF-T09,UP,Edappally,14:32,Mon-Sun
TSR-EKM-SF,TSR-EKM-SF-T09,UP,Vyttila Hub,14:40,Mon-Sun
TSR-EKM-SF,TSR-EKM-SF-T10,UP,Thrissur,15:00,Mon-Sun
TSR-EKM-SF,TSR-EKM-SF-T10,UP,Chalakudy,15:08,Mon-Sun
TSR-EKM-SF,TSR-EKM-SF-T10,UP,Angamaly,15:16,Mon-Sun
TSR-EKM-SF,TSR-EKM-SF-T10,UP,Aluva,15:24,Mon-Sun
TSR-EKM-SF,TSR-EKM-SF-T10,UP,Edappally,15:32,Mon-Sun
TSR-EKM-SF,TSR-EKM-SF-T10,UP,Vyttila Hub,15:40,Mon-Sun
TSR-EKM-SF,TSR-EKM-SF-T11,UP,Thrissur,16:00,Mon-Sun
TSR-EKM-SF,TSR-EKM-SF-T11,UP,Chalakudy,16:08,Mon-Sun
TSR-EKM-SF,TSR-EKM-SF-T11,UP,Angamaly,16:16,Mon-Sun
TSR-EKM-SF,TSR-EKM-SF-T11,UP,Aluva,16:24,Mon-Sun
TSR-EKM-SF,TSR-EKM-SF-T11,UP,Edappally,16:32,Mon-Sun
TSR-EKM-SF,TSR-EKM-SF-T11,UP,Vyttila Hub,16:40,Mon-Sun
TSR-EKM-SF,TSR-EKM-SF-T12,UP,Thrissur,17:00,Mon-Sun
TSR-EKM-SF,TSR-EKM-SF-T12,UP,Chalakudy,17:08,Mon-Sun
TSR-EKM-SF,TSR-EKM-SF-T12,UP,Angamaly,17:16,Mon-Sun
TSR-EKM-SF,TSR-EKM-SF-T12,UP,Aluva,17:24,Mon-Sun
TSR-EKM-SF,TSR-EKM-SF-T12,UP,Edappally,17:32,Mon-Sun
TSR-EKM-SF,TSR-EKM-SF-T12,UP,Vyttila Hub,17:40,Mon-Sun
TSR-EKM-SF,TSR-EKM-SF-T13,UP,Thrissur,18:00,Mon-Sun
TSR-EKM-SF,TSR-EKM-SF-T13,UP,Chalakudy,18:08,Mon-Sun
TSR-EKM-SF,TSR-EKM-SF-T13,UP,Angamaly,18:16,Mon-Sun
TSR-EKM-SF,TSR-EKM-SF-T13,UP,Aluva,18:24,Mon-Sun
TSR-EKM-SF,TSR-EKM-SF-T13,UP,Edappally,18:32,Mon-Sun
TSR-EKM-SF,TSR-EKM-SF-T13,UP,Vyttila Hub,18:40,Mon-Sun
TSR-EKM-SF,TSR-EKM-SF-T14,UP,Thrissur,19:00,Mon-Sun
TSR-EKM-SF,TSR-EKM-SF-T14,UP,Chalakudy,19:08,Mon-Sun
TSR-EKM-SF,TSR-EKM-SF-T14,UP,Angamaly,19:16,Mon-Sun
TSR-EKM-SF,TSR-EKM-SF-T14,UP,Aluva,19:24,Mon-Sun
TSR-EKM-SF,TSR-EKM-SF-T14,UP,Edappally,19:32,Mon-Sun
TSR-EKM-SF,TSR-EKM-SF-T14,UP,Vyttila Hub,19:40,Mon-Sun
TSR-EKM-SF,TSR-EKM-SF-T15,UP,Thrissur,20:00,Mon-Sun
TSR-EKM-SF,TSR-EKM-SF-T15,UP,Chalakudy,20:08,Mon-Sun
TSR-EKM-SF,TSR-EKM-SF-T15,UP,Angamaly,20:16,Mon-Sun
TSR-EKM-SF,TSR-EKM-SF-T15,UP,Aluva,20:24,Mon-Sun
TSR-EKM-SF,TSR-EKM-SF-T15,UP,Edappally,20:32,Mon-Sun
TSR-EKM-SF,TSR-EKM-SF-T15,UP,Vyttila Hub,20:40,Mon-Sun
TSR-EKM-SF,TSR-EKM-SF-T16,UP,Thrissur,21:00,Mon-Sun
TSR-EKM-SF,TSR-EKM-SF-T16,UP,Chalakudy,21:08,Mon-Sun
TSR-EKM-SF,TSR-EKM-SF-T16,UP,Angamaly,21:16,Mon-Sun
TSR-EKM-SF,TSR-EKM-SF-T16,UP,Aluva,21:24,Mon-Sun
TSR-EKM-SF,TSR-EKM-SF-T16,UP,Edappally,21:32,Mon-Sun
TSR-EKM-SF,TSR-EKM-SF-T16,UP,Vyttila Hub,21:40,Mon-Sun
KKD-MCH-ORD,KKD-MCH-ORD-T01,UP,Mofussil Stand,06:00,Mon-Sun
KKD-MCH-ORD,KKD-MCH-ORD-T01,UP,Arayidathupalam,06:08,Mon-Sun
KKD-MCH-ORD,KKD-MCH-ORD-T01,UP,Kovoor,06:16,Mon-Sun
KKD-MCH-ORD,KKD-MCH-ORD-T01,UP,Medical College,06:24,Mon-Sun
KKD-MCH-ORD,KKD-MCH-ORD-T02,UP,Mofussil Stand,06:45,Mon-Sun
KKD-MCH-ORD,KKD-MCH-ORD-T02,UP,Arayidathupalam,06:53,Mon-Sun
KKD-MCH-ORD,KKD-MCH-ORD-T02,UP,Kovoor,07:01,Mon-Sun
KKD-MCH-ORD,KKD-MCH-ORD-T02,UP,Medical College,07:09,Mon-Sun
KKD-MCH-ORD,KKD-MCH-ORD-T03,UP,Mofussil Stand,07:30,Mon-Sun
KKD-MCH-ORD,KKD-MCH-ORD-T03,UP,Arayidathupalam,07:38,Mon-Sun
KKD-MCH-ORD,KKD-MCH-ORD-T03,UP,Kovoor,07:46,Mon-Sun
KKD-MCH-ORD,KKD-MCH-ORD-T03,UP,Medical College,07:54,Mon-Sun
KKD-MCH-ORD,KKD-MCH-ORD-T04,UP,Mofussil Stand,08:15,Mon-Sun
KKD-MCH-ORD,KKD-MCH-ORD-T04,UP,Arayidathupalam,08:23,Mon-Sun
KKD-MCH-ORD,KKD-MCH-ORD-T04,UP,Kovoor,08:31,Mon-Sun
KKD-MCH-ORD,KKD-MCH-ORD-T04,UP,Medical College,08:39,Mon-Sun
KKD-MCH-ORD,KKD-MCH-ORD-T05,UP,Mofussil Stand,09:00,Mon-Sun
KKD-MCH-ORD,KKD-MCH-ORD-T05,UP,Arayidathupalam,09:08,Mon-Sun
KKD-MCH-ORD,KKD-MCH-ORD-T05,UP,Kovoor,09:16,Mon-Sun
KKD-MCH-ORD,KKD-MCH-ORD-T05,UP,Medical College,09:24,Mon-Sun
KKD-MCH-ORD,KKD-MCH-ORD-T06,UP,Mofussil Stand,09:45,Mon-Sun
KKD-MCH-ORD,KKD-MCH-ORD-T06,UP,Arayidathupalam,09:53,Mon-Sun
KKD-MCH-ORD,KKD-MCH-ORD-T06,UP,Kovoor,10:01,Mon-Sun
KKD-MCH-ORD,KKD-MCH-ORD-T06,UP,Medical College,10:09,Mon-Sun
KKD-MCH-ORD,KKD-MCH-ORD-T07,UP,Mofussil Stand,10:30,Mon-Sun
KKD-MCH-ORD,KKD-MCH-ORD-T07,UP,Arayidathupalam,10:38,Mon-Sun
KKD-MCH-ORD,KKD-MCH-ORD-T07,UP,Kovoor,10:46,Mon-Sun
KKD-MCH-ORD,KKD-MCH-ORD-T07,UP,Medical College,10:54,Mon-Sun
KKD-MCH-ORD,KKD-MCH-ORD-T08,UP,Mofussil Stand,11:15,Mon-Sun
KKD-MCH-ORD,KKD-MCH-ORD-T08,UP,Arayidathupalam,11:23,Mon-Sun
KKD-MCH-ORD,KKD-MCH-ORD-T08,UP,Kovoor,11:31,Mon-Sun
KKD-MCH-ORD,KKD-MCH-ORD-T08,UP,Medical College,11:39,Mon-Sun
KKD-MCH-ORD,KKD-MCH-ORD-T09,UP,Mofussil Stand,12:00,Mon-Sun
KKD-MCH-ORD,KKD-MCH-ORD-T09,UP,Arayidathupalam,12:08,Mon-Sun
KKD-MCH-ORD,KKD-MCH-ORD-T09,UP,Kovoor,12:16,Mon-Sun
KKD-MCH-ORD,KKD-MCH-ORD-T09,UP,Medical College,12:24,Mon-Sun
KKD-MCH-ORD,KKD-MCH-ORD-T10,UP,Mofussil Stand,12:45,Mon-Sun
KKD-MCH-ORD,KKD-MCH-ORD-T10,UP,Arayidathupalam,12:53,Mon-Sun
KKD-MCH-ORD,KKD-MCH-ORD-T10,UP,Kovoor,13:01,Mon-Sun
KKD-MCH-ORD,KKD-MCH-ORD-T10,UP,Medical College,13:09,Mon-Sun
KKD-MCH-ORD,KKD-MCH-ORD-T11,UP,Mofussil Stand,13:30,Mon-Sun
KKD-MCH-ORD,KKD-MCH-ORD-T11,UP,Arayidathupalam,13:38,Mon-Sun
KKD-MCH-ORD,KKD-MCH-ORD-T11,UP,Kovoor,13:46,Mon-Sun
KKD-MCH-ORD,KKD-MCH-ORD-T11,UP,Medical College,13:54,Mon-Sun
KKD-MCH-ORD,KKD-MCH-ORD-T12,UP,Mofussil Stand,14:15,Mon-Sun
KKD-MCH-ORD,KKD-MCH-ORD-T12,UP,Arayidathupalam,14:23,Mon-Sun
KKD-MCH-ORD,KKD-MCH-ORD-T12,UP,Kovoor,14:31,Mon-Sun
KKD-MCH-ORD,KKD-MCH-ORD-T12,UP,Medical College,14:39,Mon-Sun
KKD-MCH-ORD,KKD-MCH-ORD-T13,UP,Mofussil Stand,15:00,Mon-Sun
KKD-MCH-ORD,KKD-MCH-ORD-T13,UP,Arayidathupalam,15:08,Mon-Sun
KKD-MCH-ORD,KKD-MCH-ORD-T13,UP,Kovoor,15:16,Mon-Sun
KKD-MCH-ORD,KKD-MCH-ORD-T13,UP,Medical College,15:24,Mon-Sun
KKD-MCH-ORD,KKD-MCH-ORD-T14,UP,Mofussil Stand,15:45,Mon-Sun
KKD-MCH-ORD,KKD-MCH-ORD-T14,UP,Arayidathupalam,15:53,Mon-Sun
KKD-MCH-ORD,KKD-MCH-ORD-T14,UP,Kovoor,16:01,Mon-Sun
KKD-MCH-ORD,KKD-MCH-ORD-T14,UP,Medical College,16:09,Mon-Sun
KKD-MCH-ORD,KKD-MCH-ORD-T15,UP,Mofussil Stand,16:30,Mon-Sun
KKD-MCH-ORD,KKD-MCH-ORD-T15,UP,Arayidathupalam,16:38,Mon-Sun
KKD-MCH-ORD,KKD-MCH-ORD-T15,UP,Kovoor,16:46,Mon-Sun
KKD-MCH-ORD,KKD-MCH-ORD-T15,UP,Medical College,16:54,Mon-Sun
KKD-MCH-ORD,KKD-MCH-ORD-T16,UP,Mofussil Stand,17:15,Mon-Sun
KKD-MCH-ORD,KKD-MCH-ORD-T16,UP,Arayidathupalam,17:23,Mon-Sun
KKD-MCH-ORD,KKD-MCH-ORD-T16,UP,Kovoor,17:31,Mon-Sun
KKD-MCH-ORD,KKD-MCH-ORD-T16,UP,Medical College,17:39,Mon-Sun
KKD-MCH-ORD,KKD-MCH-ORD-T17,UP,Mofussil Stand,18:00,Mon-Sun
KKD-MCH-ORD,KKD-MCH-ORD-T17,UP,Arayidathupalam,18:08,Mon-Sun
KKD-MCH-ORD,KKD-MCH-ORD-T17,UP,Kovoor,18:16,Mon-Sun
KKD-MCH-ORD,KKD-MCH-ORD-T17,UP,Medical College,18:24,Mon-Sun
KKD-MCH-ORD,KKD-MCH-ORD-T18,UP,Mofussil Stand,18:45,Mon-Sun
KKD-MCH-ORD,KKD-MCH-ORD-T18,UP,Arayidathupalam,18:53,Mon-Sun
KKD-MCH-ORD,KKD-MCH-ORD-T18,UP,Kovoor,19:01,Mon-Sun
KKD-MCH-ORD,KKD-MCH-ORD-T18,UP,Medical College,19:09,Mon-Sun
KKD-MCH-ORD,KKD-MCH-ORD-T19,UP,Mofussil Stand,19:30,Mon-Sun
KKD-MCH-ORD,KKD-MCH-ORD-T19,UP,Arayidathupalam,19:38,Mon-Sun
KKD-MCH-ORD,KKD-MCH-ORD-T19,UP,Kovoor,19:46,Mon-Sun
KKD-MCH-ORD,KKD-MCH-ORD-T19,UP,Medical College,19:54,Mon-Sun
KKD-MCH-ORD,KKD-MCH-ORD-T20,UP,Mofussil Stand,20:15,Mon-Sun
KKD-MCH-ORD,KKD-MCH-ORD-T20,UP,Arayidathupalam,20:23,Mon-Sun
KKD-MCH-ORD,KKD-MCH-ORD-T20,UP,Kovoor,20:31,Mon-Sun
KKD-MCH-ORD,KKD-MCH-ORD-T20,UP,Medical College,20:39,Mon-Sun
KKD-MCH-ORD,KKD-MCH-ORD-T21,UP,Mofussil Stand,21:00,Mon-Sun
KKD-MCH-ORD,KKD-MCH-ORD-T21,UP,Arayidathupalam,21:08,Mon-Sun
KKD-MCH-ORD,KKD-MCH-ORD-T21,UP,Kovoor,21:16,Mon-Sun
KKD-MCH-ORD,KKD-MCH-ORD-T21,UP,Medical College,21:24,Mon-Sun
KKD-VDK-FP,KKD-VDK-FP-T01,UP,Kozhikode,06:00,Mon-Sun
KKD-VDK-FP,KKD-VDK-FP-T01,UP,West Hill,06:10,Mon-Sun
KKD-VDK-FP,KKD-VDK-FP-T01,UP,Elathur,06:20,Mon-Sun
KKD-VDK-FP,KKD-VDK-FP-T01,UP,Koyilandy,06:30,Mon-Sun
KKD-VDK-FP,KKD-VDK-FP-T01,UP,Payyoli,06:40,Mon-Sun
KKD-VDK-FP,KKD-VDK-FP-T01,UP,Vadakara,06:50,Mon-Sun
KKD-VDK-FP,KKD-VDK-FP-T02,UP,Kozhikode,07:00,Mon-Sun
KKD-VDK-FP,KKD-VDK-FP-T02,UP,West Hill,07:10,Mon-Sun
KKD-VDK-FP,KKD-VDK-FP-T02,UP,Elathur,07:20,Mon-Sun
KKD-VDK-FP,KKD-VDK-FP-T02,UP,Koyilandy,07:30,Mon-Sun
KKD-VDK-FP,KKD-VDK-FP-T02,UP,Payyoli,07:40,Mon-Sun
KKD-VDK-FP,KKD-VDK-FP-T02,UP,Vadakara,07:50,Mon-Sun
KKD-VDK-FP,KKD-VDK-FP-T03,UP,Kozhikode,08:00,Mon-Sun
KKD-VDK-FP,KKD-VDK-FP-T03,UP,West Hill,08:10,Mon-Sun
KKD-VDK-FP,KKD-VDK-FP-T03,UP,Elathur,08:20,Mon-Sun
KKD-VDK-FP,KKD-VDK-FP-T03,UP,Koyilandy,08:30,Mon-Sun
KKD-VDK-FP,KKD-VDK-FP-T03,UP,Payyoli,08:40,Mon-Sun
KKD-VDK-FP,KKD-VDK-FP-T03,UP,Vadakara,08:50,Mon-Sun
KKD-VDK-FP,KKD-VDK-FP-T04,UP,Kozhikode,09:00,Mon-Sun
KKD-VDK-FP,KKD-VDK-FP-T04,UP,West Hill,09:10,Mon-Sun
KKD-VDK-FP,KKD-VDK-FP-T04,UP,Elathur,09:20,Mon-Sun
KKD-VDK-FP,KKD-VDK-FP-T04,UP,Koyilandy,09:30,Mon-Sun
KKD-VDK-FP,KKD-VDK-FP-T04,UP,Payyoli,09:40,Mon-Sun
KKD-VDK-FP,KKD-VDK-FP-T04,UP,Vadakara,09:50,Mon-Sun
KKD-VDK-FP,KKD-VDK-FP-T05,UP,Kozhikode,10:00,Mon-Sun
KKD-VDK-FP,KKD-VDK-FP-T05,UP,West Hill,10:10,Mon-Sun
KKD-VDK-FP,KKD-VDK-FP-T05,UP,Elathur,10:20,Mon-Sun
KKD-VDK-FP,KKD-VDK-FP-T05,UP,Koyilandy,10:30,Mon-Sun
KKD-VDK-FP,KKD-VDK-FP-T05,UP,Payyoli,10:40,Mon-Sun
KKD-VDK-FP,KKD-VDK-FP-T05,UP,Vadakara,10:50,Mon-Sun
KKD-VDK-FP,KKD-VDK-FP-T06,UP,Kozhikode,11:00,Mon-Sun
KKD-VDK-FP,KKD-VDK-FP-T06,UP,West Hill,11:10,Mon-Sun
KKD-VDK-FP,KKD-VDK-FP-T06,UP,Elathur,11:20,Mon-Sun
KKD-VDK-FP,KKD-VDK-FP-T06,UP,Koyilandy,11:30,Mon-Sun
KKD-VDK-FP,KKD-VDK-FP-T06,UP,Payyoli,11:40,Mon-Sun
KKD-VDK-FP,KKD-VDK-FP-T06,UP,Vadakara,11:50,Mon-Sun
KKD-VDK-FP,KKD-VDK-FP-T07,UP,Kozhikode,12:00,Mon-Sun
KKD-VDK-FP,KKD-VDK-FP-T07,UP,West Hill,12:10,Mon-Sun
KKD-VDK-FP,KKD-VDK-FP-T07,UP,Elathur,12:20,Mon-Sun
KKD-VDK-FP,KKD-VDK-FP-T07,UP,Koyilandy,12:30,Mon-Sun
KKD-VDK-FP,KKD-VDK-FP-T07,UP,Payyoli,12:40,Mon-Sun
KKD-VDK-FP,KKD-VDK-FP-T07,UP,Vadakara,12:50,Mon-Sun
KKD-VDK-FP,KKD-VDK-FP-T08,UP,Kozhikode,13:00,Mon-Sun
KKD-VDK-FP,KKD-VDK-FP-T08,UP,West Hill,13:10,Mon-Sun
KKD-VDK-FP,KKD-VDK-FP-T08,UP,Elathur,13:20,Mon-Sun
KKD-VDK-FP,KKD-VDK-FP-T08,UP,Koyilandy,13:30,Mon-Sun
KKD-VDK-FP,KKD-VDK-FP-T08,UP,Payyoli,13:40,Mon-Sun
KKD-VDK-FP,KKD-VDK-FP-T08,UP,Vadakara,13:50,Mon-Sun
KKD-VDK-FP,KKD-VDK-FP-T09,UP,Kozhikode,14:00,Mon-Sun
KKD-VDK-FP,KKD-VDK-FP-T09,UP,West Hill,14:10,Mon-Sun
KKD-VDK-FP,KKD-VDK-FP-T09,UP,Elathur,14:20,Mon-Sun
KKD-VDK-FP,KKD-VDK-FP-T09,UP,Koyilandy,14:30,Mon-Sun
KKD-VDK-FP,KKD-VDK-FP-T09,UP,Payyoli,14:40,Mon-Sun
KKD-VDK-FP,KKD-VDK-FP-T09,UP,Vadakara,14:50,Mon-Sun
KKD-VDK-FP,KKD-VDK-FP-T10,UP,Kozhikode,15:00,Mon-Sun
KKD-VDK-FP,KKD-VDK-FP-T10,UP,West Hill,15:10,Mon-Sun
KKD-VDK-FP,KKD-VDK-FP-T10,UP,Elathur,15:20,Mon-Sun
KKD-VDK-FP,KKD-VDK-FP-T10,UP,Koyilandy,15:30,Mon-Sun
KKD-VDK-FP,KKD-VDK-FP-T10,UP,Payyoli,15:40,Mon-Sun
KKD-VDK-FP,KKD-VDK-FP-T10,UP,Vadakara,15:50,Mon-Sun
KKD-VDK-FP,KKD-VDK-FP-T11,UP,Kozhikode,16:00,Mon-Sun
KKD-VDK-FP,KKD-VDK-FP-T11,UP,West Hill,16:10,Mon-Sun
KKD-VDK-FP,KKD-VDK-FP-T11,UP,Elathur,16:20,Mon-Sun
KKD-VDK-FP,KKD-VDK-FP-T11,UP,Koyilandy,16:30,Mon-Sun
KKD-VDK-FP,KKD-VDK-FP-T11,UP,Payyoli,16:40,Mon-Sun
KKD-VDK-FP,KKD-VDK-FP-T11,UP,Vadakara,16:50,Mon-Sun
KKD-VDK-FP,KKD-VDK-FP-T12,UP,Kozhikode,17:00,Mon-Sun
KKD-VDK-FP,KKD-VDK-FP-T12,UP,West Hill,17:10,Mon-Sun
KKD-VDK-FP,KKD-VDK-FP-T12,UP,Elathur,17:20,Mon-Sun
KKD-VDK-FP,KKD-VDK-FP-T12,UP,Koyilandy,17:30,Mon-Sun
KKD-VDK-FP,KKD-VDK-FP-T12,UP,Payyoli,17:40,Mon-Sun
KKD-VDK-FP,KKD-VDK-FP-T12,UP,Vadakara,17:50,Mon-Sun
KKD-VDK-FP,KKD-VDK-FP-T13,UP,Kozhikode,18:00,Mon-Sun
KKD-VDK-FP,KKD-VDK-FP-T13,UP,West Hill,18:10,Mon-Sun
KKD-VDK-FP,KKD-VDK-FP-T13,UP,Elathur,18:20,Mon-Sun
KKD-VDK-FP,KKD-VDK-FP-T13,UP,Koyilandy,18:30,Mon-Sun
KKD-VDK-FP,KKD-VDK-FP-T13,UP,Payyoli,18:40,Mon-Sun
KKD-VDK-FP,KKD-VDK-FP-T13,UP,Vadakara,18:50,Mon-Sun
KKD-VDK-FP,KKD-VDK-FP-T14,UP,Kozhikode,19:00,Mon-Sun
KKD-VDK-FP,KKD-VDK-FP-T14,UP,West Hill,19:10,Mon-Sun
KKD-VDK-FP,KKD-VDK-FP-T14,UP,Elathur,19:20,Mon-Sun
KKD-VDK-FP,KKD-VDK-FP-T14,UP,Koyilandy,19:30,Mon-Sun
KKD-VDK-FP,KKD-VDK-FP-T14,UP,Payyoli,19:40,Mon-Sun
KKD-VDK-FP,KKD-VDK-FP-T14,UP,Vadakara,19:50,Mon-Sun
KKD-VDK-FP,KKD-VDK-FP-T15,UP,Kozhikode,20:00,Mon-Sun
KKD-VDK-FP,KKD-VDK-FP-T15,UP,West Hill,20:10,Mon-Sun
KKD-VDK-FP,KKD-VDK-FP-T15,UP,Elathur,20:20,Mon-Sun
KKD-VDK-FP,KKD-VDK-FP-T15,UP,Koyilandy,20:30,Mon-Sun
KKD-VDK-FP,KKD-VDK-FP-T15,UP,Payyoli,20:40,Mon-Sun
KKD-VDK-FP,KKD-VDK-FP-T15,UP,Vadakara,20:50,Mon-Sun
KKD-VDK-FP,KKD-VDK-FP-T16,UP,Kozhikode,21:00,Mon-Sun
KKD-VDK-FP,KKD-VDK-FP-T16,UP,West Hill,21:10,Mon-Sun
KKD-VDK-FP,KKD-VDK-FP-T16,UP,Elathur,21:20,Mon-Sun
KKD-VDK-FP,KKD-VDK-FP-T16,UP,Koyilandy,21:30,Mon-Sun
KKD-VDK-FP,KKD-VDK-FP-T16,UP,Payyoli,21:40,Mon-Sun
KKD-VDK-FP,KKD-VDK-FP-T16,UP,Vadakara,21:50,Mon-Sun
KKD-FRK-ORD,KKD-FRK-ORD-T01,UP,Kozhikode,06:00,Mon-Sun
KKD-FRK-ORD,KKD-FRK-ORD-T01,UP,Meenchanda,06:10,Mon-Sun
KKD-FRK-ORD,KKD-FRK-ORD-T01,UP,Cheruvannur,06:20,Mon-Sun
KKD-FRK-ORD,KKD-FRK-ORD-T01,UP,Feroke,06:30,Mon-Sun
KKD-FRK-ORD,KKD-FRK-ORD-T02,UP,Kozhikode,06:30,Mon-Sun
KKD-FRK-ORD,KKD-FRK-ORD-T02,UP,Meenchanda,06:40,Mon-Sun
KKD-FRK-ORD,KKD-FRK-ORD-T02,UP,Cheruvannur,06:50,Mon-Sun
KKD-FRK-ORD,KKD-FRK-ORD-T02,UP,Feroke,07:00,Mon-Sun
KKD-FRK-ORD,KKD-FRK-ORD-T03,UP,Kozhikode,07:00,Mon-Sun
KKD-FRK-ORD,KKD-FRK-ORD-T03,UP,Meenchanda,07:10,Mon-Sun
KKD-FRK-ORD,KKD-FRK-ORD-T03,UP,Cheruvannur,07:20,Mon-Sun
KKD-FRK-ORD,KKD-FRK-ORD-T03,UP,Feroke,07:30,Mon-Sun
KKD-FRK-ORD,KKD-FRK-ORD-T04,UP,Kozhikode,07:30,Mon-Sun
KKD-FRK-ORD,KKD-FRK-ORD-T04,UP,Meenchanda,07:40,Mon-Sun
KKD-FRK-ORD,KKD-FRK-ORD-T04,UP,Cheruvannur,07:50,Mon-Sun
KKD-FRK-ORD,KKD-FRK-ORD-T04,UP,Feroke,08:00,Mon-Sun
KKD-FRK-ORD,KKD-FRK-ORD-T05,UP,Kozhikode,08:00,Mon-Sun
KKD-FRK-ORD,KKD-FRK-ORD-T05,UP,Meenchanda,08:10,Mon-Sun
KKD-FRK-ORD,KKD-FRK-ORD-T05,UP,Cheruvannur,08:20,Mon-Sun
KKD-FRK-ORD,KKD-FRK-ORD-T05,UP,Feroke,08:30,Mon-Sun
KKD-FRK-ORD,KKD-FRK-ORD-T06,UP,Kozhikode,08:30,Mon-Sun
KKD-FRK-ORD,KKD-FRK-ORD-T06,UP,Meenchanda,08:40,Mon-Sun
KKD-FRK-ORD,KKD-FRK-ORD-T06,UP,Cheruvannur,08:50,Mon-Sun
KKD-FRK-ORD,KKD-FRK-ORD-T06,UP,Feroke,09:00,Mon-Sun
KKD-FRK-ORD,KKD-FRK-ORD-T07,UP,Kozhikode,09:00,Mon-Sun
KKD-FRK-ORD,KKD-FRK-ORD-T07,UP,Meenchanda,09:10,Mon-Sun
KKD-FRK-ORD,KKD-FRK-ORD-T07,UP,Cheruvannur,09:20,Mon-Sun
KKD-FRK-ORD,KKD-FRK-ORD-T07,UP,Feroke,09:30,Mon-Sun
KKD-FRK-ORD,KKD-FRK-ORD-T08,UP,Kozhikode,09:30,Mon-Sun
KKD-FRK-ORD,KKD-FRK-ORD-T08,UP,Meenchanda,09:40,Mon-Sun
KKD-FRK-ORD,KKD-FRK-ORD-T08,UP,Cheruvannur,09:50,Mon-Sun
KKD-FRK-ORD,KKD-FRK-ORD-T08,UP,Feroke,10:00,Mon-Sun
KKD-FRK-ORD,KKD-FRK-ORD-T09,UP,Kozhikode,10:00,Mon-Sun
KKD-FRK-ORD,KKD-FRK-ORD-T09,UP,Meenchanda,10:10,Mon-Sun
KKD-FRK-ORD,KKD-FRK-ORD-T09,UP,Cheruvannur,10:20,Mon-Sun
KKD-FRK-ORD,KKD-FRK-ORD-T09,UP,Feroke,10:30,Mon-Sun
KKD-FRK-ORD,KKD-FRK-ORD-T10,UP,Kozhikode,10:30,Mon-Sun
KKD-FRK-ORD,KKD-FRK-ORD-T10,UP,Meenchanda,10:40,Mon-Sun
KKD-FRK-ORD,KKD-FRK-ORD-T10,UP,Cheruvannur,10:50,Mon-Sun
KKD-FRK-ORD,KKD-FRK-ORD-T10,UP,Feroke,11:00,Mon-Sun
KKD-FRK-ORD,KKD-FRK-ORD-T11,UP,Kozhikode,11:00,Mon-Sun
KKD-FRK-ORD,KKD-FRK-ORD-T11,UP,Meenchanda,11:10,Mon-Sun
KKD-FRK-ORD,KKD-FRK-ORD-T11,UP,Cheruvannur,11:20,Mon-Sun
KKD-FRK-ORD,KKD-FRK-ORD-T11,UP,Feroke,11:30,Mon-Sun
KKD-FRK-ORD,KKD-FRK-ORD-T12,UP,Kozhikode,11:30,Mon-Sun
KKD-FRK-ORD,KKD-FRK-ORD-T12,UP,Meenchanda,11:40,Mon-Sun
KKD-FRK-ORD,KKD-FRK-ORD-T12,UP,Cheruvannur,11:50,Mon-Sun
KKD-FRK-ORD,KKD-FRK-ORD-T12,UP,Feroke,12:00,Mon-Sun
KKD-FRK-ORD,KKD-FRK-ORD-T13,UP,Kozhikode,12:00,Mon-Sun
KKD-FRK-ORD,KKD-FRK-ORD-T13,UP,Meenchanda,12:10,Mon-Sun
KKD-FRK-ORD,KKD-FRK-ORD-T13,UP,Cheruvannur,12:20,Mon-Sun
KKD-FRK-ORD,KKD-FRK-ORD-T13,UP,Feroke,12:30,Mon-Sun
KKD-FRK-ORD,KKD-FRK-ORD-T14,UP,Kozhikode,12:30,Mon-Sun
KKD-FRK-ORD,KKD-FRK-ORD-T14,UP,Meenchanda,12:40,Mon-Sun
KKD-FRK-ORD,KKD-FRK-ORD-T14,UP,Cheruvannur,12:50,Mon-Sun
KKD-FRK-ORD,KKD-FRK-ORD-T14,UP,Feroke,13:00,Mon-Sun
KKD-FRK-ORD,KKD-FRK-ORD-T15,UP,Kozhikode,13:00,Mon-Sun
KKD-FRK-ORD,KKD-FRK-ORD-T15,UP,Meenchanda,13:10,Mon-Sun
KKD-FRK-ORD,KKD-FRK-ORD-T15,UP,Cheruvannur,13:20,Mon-Sun
KKD-FRK-ORD,KKD-FRK-ORD-T15,UP,Feroke,13:30,Mon-Sun
KKD-FRK-ORD,KKD-FRK-ORD-T16,UP,Kozhikode,13:30,Mon-Sun
KKD-FRK-ORD,KKD-FRK-ORD-T16,UP,Meenchanda,13:40,Mon-Sun
KKD-FRK-ORD,KKD-FRK-ORD-T16,UP,Cheruvannur,13:50,Mon-Sun
KKD-FRK-ORD,KKD-FRK-ORD-T16,UP,Feroke,14:00,Mon-Sun
KKD-FRK-ORD,KKD-FRK-ORD-T17,UP,Kozhikode,14:00,Mon-Sun
KKD-FRK-ORD,KKD-FRK-ORD-T17,UP,Meenchanda,14:10,Mon-Sun
KKD-FRK-ORD,KKD-FRK-ORD-T17,UP,Cheruvannur,14:20,Mon-Sun
KKD-FRK-ORD,KKD-FRK-ORD-T17,UP,Feroke,14:30,Mon-Sun
KKD-FRK-ORD,KKD-FRK-ORD-T18,UP,Kozhikode,14:30,Mon-Sun
KKD-FRK-ORD,KKD-FRK-ORD-T18,UP,Meenchanda,14:40,Mon-Sun
KKD-FRK-ORD,KKD-FRK-ORD-T18,UP,Cheruvannur,14:50,Mon-Sun
KKD-FRK-ORD,KKD-FRK-ORD-T18,UP,Feroke,15:00,Mon-Sun
KKD-FRK-ORD,KKD-FRK-ORD-T19,UP,Kozhikode,15:00,Mon-Sun
KKD-FRK-ORD,KKD-FRK-ORD-T19,UP,Meenchanda,15:10,Mon-Sun
KKD-FRK-ORD,KKD-FRK-ORD-T19,UP,Cheruvannur,15:20,Mon-Sun
KKD-FRK-ORD,KKD-FRK-ORD-T19,UP,Feroke,15:30,Mon-Sun
KKD-FRK-ORD,KKD-FRK-ORD-T20,UP,Kozhikode,15:30,Mon-Sun
KKD-FRK-ORD,KKD-FRK-ORD-T20,UP,Meenchanda,15:40,Mon-Sun
KKD-FRK-ORD,KKD-FRK-ORD-T20,UP,Cheruvannur,15:50,Mon-Sun
KKD-FRK-ORD,KKD-FRK-ORD-T20,UP,Feroke,16:00,Mon-Sun
KKD-FRK-ORD,KKD-FRK-ORD-T21,UP,Kozhikode,16:00,Mon-Sun
KKD-FRK-ORD,KKD-FRK-ORD-T21,UP,Meenchanda,16:10,Mon-Sun
KKD-FRK-ORD,KKD-FRK-ORD-T21,UP,Cheruvannur,16:20,Mon-Sun
KKD-FRK-ORD,KKD-FRK-ORD-T21,UP,Feroke,16:30,Mon-Sun
KKD-FRK-ORD,KKD-FRK-ORD-T22,UP,Kozhikode,16:30,Mon-Sun
KKD-FRK-ORD,KKD-FRK-ORD-T22,UP,Meenchanda,16:40,Mon-Sun
KKD-FRK-ORD,KKD-FRK-ORD-T22,UP,Cheruvannur,16:50,Mon-Sun
KKD-FRK-ORD,KKD-FRK-ORD-T22,UP,Feroke,17:00,Mon-Sun
KKD-FRK-ORD,KKD-FRK-ORD-T23,UP,Kozhikode,17:00,Mon-Sun
KKD-FRK-ORD,KKD-FRK-ORD-T23,UP,Meenchanda,17:10,Mon-Sun
KKD-FRK-ORD,KKD-FRK-ORD-T23,UP,Cheruvannur,17:20,Mon-Sun
KKD-FRK-ORD,KKD-FRK-ORD-T23,UP,Feroke,17:30,Mon-Sun
KKD-FRK-ORD,KKD-FRK-ORD-T24,UP,Kozhikode,17:30,Mon-Sun
KKD-FRK-ORD,KKD-FRK-ORD-T24,UP,Meenchanda,17:40,Mon-Sun
KKD-FRK-ORD,KKD-FRK-ORD-T24,UP,Cheruvannur,17:50,Mon-Sun
KKD-FRK-ORD,KKD-FRK-ORD-T24,UP,Feroke,18:00,Mon-Sun
KKD-FRK-ORD,KKD-FRK-ORD-T25,UP,Kozhikode,18:00,Mon-Sun
KKD-FRK-ORD,KKD-FRK-ORD-T25,UP,Meenchanda,18:10,Mon-Sun
KKD-FRK-ORD,KKD-FRK-ORD-T25,UP,Cheruvannur,18:20,Mon-Sun
KKD-FRK-ORD,KKD-FRK-ORD-T25,UP,Feroke,18:30,Mon-Sun
KKD-FRK-ORD,KKD-FRK-ORD-T26,UP,Kozhikode,18:30,Mon-Sun
KKD-FRK-ORD,KKD-FRK-ORD-T26,UP,Meenchanda,18:40,Mon-Sun
KKD-FRK-ORD,KKD-FRK-ORD-T26,UP,Cheruvannur,18:50,Mon-Sun
KKD-FRK-ORD,KKD-FRK-ORD-T26,UP,Feroke,19:00,Mon-Sun
KKD-FRK-ORD,KKD-FRK-ORD-T27,UP,Kozhikode,19:00,Mon-Sun
KKD-FRK-ORD,KKD-FRK-ORD-T27,UP,Meenchanda,19:10,Mon-Sun
KKD-FRK-ORD,KKD-FRK-ORD-T27,UP,Cheruvannur,19:20,Mon-Sun
KKD-FRK-ORD,KKD-FRK-ORD-T27,UP,Feroke,19:30,Mon-Sun
KKD-FRK-ORD,KKD-FRK-ORD-T28,UP,Kozhikode,19:30,Mon-Sun
KKD-FRK-ORD,KKD-FRK-ORD-T28,UP,Meenchanda,19:40,Mon-Sun
KKD-FRK-ORD,KKD-FRK-ORD-T28,UP,Cheruvannur,19:50,Mon-Sun
KKD-FRK-ORD,KKD-FRK-ORD-T28,UP,Feroke,20:00,Mon-Sun
KKD-FRK-ORD,KKD-FRK-ORD-T29,UP,Kozhikode,20:00,Mon-Sun
KKD-FRK-ORD,KKD-FRK-ORD-T29,UP,Meenchanda,20:10,Mon-Sun
KKD-FRK-ORD,KKD-FRK-ORD-T29,UP,Cheruvannur,20:20,Mon-Sun
KKD-FRK-ORD,KKD-FRK-ORD-T29,UP,Feroke,20:30,Mon-Sun
KKD-FRK-ORD,KKD-FRK-ORD-T30,UP,Kozhikode,20:30,Mon-Sun
KKD-FRK-ORD,KKD-FRK-ORD-T30,UP,Meenchanda,20:40,Mon-Sun
KKD-FRK-ORD,KKD-FRK-ORD-T30,UP,Cheruvannur,20:50,Mon-Sun
KKD-FRK-ORD,KKD-FRK-ORD-T30,UP,Feroke,21:00,Mon-Sun
KKD-FRK-ORD,KKD-FRK-ORD-T31,UP,Kozhikode,21:00,Mon-Sun
KKD-FRK-ORD,KKD-FRK-ORD-T31,UP,Meenchanda,21:10,Mon-Sun
KKD-FRK-ORD,KKD-FRK-ORD-T31,UP,Cheruvannur,21:20,Mon-Sun
KKD-FRK-ORD,KKD-FRK-ORD-T31,UP,Feroke,21:30,Mon-Sun
KKD-TMS-ORD,KKD-TMS-ORD-T01,UP,Kozhikode,06:00,Mon-Sun
KKD-TMS-ORD,KKD-TMS-ORD-T01,UP,Kunnamangalam,06:06,Mon-Sun
KKD-TMS-ORD,KKD-TMS-ORD-T01,UP,Koduvally,06:12,Mon-Sun
KKD-TMS-ORD,KKD-TMS-ORD-T01,UP,Thamarassery,06:18,Mon-Sun
KKD-TMS-ORD,KKD-TMS-ORD-T02,UP,Kozhikode,06:40,Mon-Sun
KKD-TMS-ORD,KKD-TMS-ORD-T02,UP,Kunnamangalam,06:46,Mon-Sun
KKD-TMS-ORD,KKD-TMS-ORD-T02,UP,Koduvally,06:52,Mon-Sun
KKD-TMS-ORD,KKD-TMS-ORD-T02,UP,Thamarassery,06:58,Mon-Sun
KKD-TMS-ORD,KKD-TMS-ORD-T03,UP,Kozhikode,07:20,Mon-Sun
KKD-TMS-ORD,KKD-TMS-ORD-T03,UP,Kunnamangalam,07:26,Mon-Sun
KKD-TMS-ORD,KKD-TMS-ORD-T03,UP,Koduvally,07:32,Mon-Sun
KKD-TMS-ORD,KKD-TMS-ORD-T03,UP,Thamarassery,07:38,Mon-Sun
KKD-TMS-ORD,KKD-TMS-ORD-T04,UP,Kozhikode,08:00,Mon-Sun
KKD-TMS-ORD,KKD-TMS-ORD-T04,UP,Kunnamangalam,08:06,Mon-Sun
KKD-TMS-ORD,KKD-TMS-ORD-T04,UP,Koduvally,08:12,Mon-Sun
KKD-TMS-ORD,KKD-TMS-ORD-T04,UP,Thamarassery,08:18,Mon-Sun
KKD-TMS-ORD,KKD-TMS-ORD-T05,UP,Kozhikode,08:40,Mon-Sun
KKD-TMS-ORD,KKD-TMS-ORD-T05,UP,Kunnamangalam,08:46,Mon-Sun
KKD-TMS-ORD,KKD-TMS-ORD-T05,UP,Koduvally,08:52,Mon-Sun
KKD-TMS-ORD,KKD-TMS-ORD-T05,UP,Thamarassery,08:58,Mon-Sun
KKD-TMS-ORD,KKD-TMS-ORD-T06,UP,Kozhikode,09:20,Mon-Sun
KKD-TMS-ORD,KKD-TMS-ORD-T06,UP,Kunnamangalam,09:26,Mon-Sun
KKD-TMS-ORD,KKD-TMS-ORD-T06,UP,Koduvally,09:32,Mon-Sun
KKD-TMS-ORD,KKD-TMS-ORD-T06,UP,Thamarassery,09:38,Mon-Sun
KKD-TMS-ORD,KKD-TMS-ORD-T07,UP,Kozhikode,10:00,Mon-Sun
KKD-TMS-ORD,KKD-TMS-ORD-T07,UP,Kunnamangalam,10:06,Mon-Sun
KKD-TMS-ORD,KKD-TMS-ORD-T07,UP,Koduvally,10:12,Mon-Sun
KKD-TMS-ORD,KKD-TMS-ORD-T07,UP,Thamarassery,10:18,Mon-Sun
KKD-TMS-ORD,KKD-TMS-ORD-T08,UP,Kozhikode,10:40,Mon-Sun
KKD-TMS-ORD,KKD-TMS-ORD-T08,UP,Kunnamangalam,10:46,Mon-Sun
KKD-TMS-ORD,KKD-TMS-ORD-T08,UP,Koduvally,10:52,Mon-Sun
KKD-TMS-ORD,KKD-TMS-ORD-T08,UP,Thamarassery,10:58,Mon-Sun
KKD-TMS-ORD,KKD-TMS-ORD-T09,UP,Kozhikode,11:20,Mon-Sun
KKD-TMS-ORD,KKD-TMS-ORD-T09,UP,Kunnamangalam,11:26,Mon-Sun
KKD-TMS-ORD,KKD-TMS-ORD-T09,UP,Koduvally,11:32,Mon-Sun
KKD-TMS-ORD,KKD-TMS-ORD-T09,UP,Thamarassery,11:38,Mon-Sun
KKD-TMS-ORD,KKD-TMS-ORD-T10,UP,Kozhikode,12:00,Mon-Sun
KKD-TMS-ORD,KKD-TMS-ORD-T10,UP,Kunnamangalam,12:06,Mon-Sun
KKD-TMS-ORD,KKD-TMS-ORD-T10,UP,Koduvally,12:12,Mon-Sun
KKD-TMS-ORD,KKD-TMS-ORD-T10,UP,Thamarassery,12:18,Mon-Sun
KKD-TMS-ORD,KKD-TMS-ORD-T11,UP,Kozhikode,12:40,Mon-Sun
KKD-TMS-ORD,KKD-TMS-ORD-T11,UP,Kunnamangalam,12:46,Mon-Sun
KKD-TMS-ORD,KKD-TMS-ORD-T11,UP,Koduvally,12:52,Mon-Sun
KKD-TMS-ORD,KKD-TMS-ORD-T11,UP,Thamarassery,12:58,Mon-Sun
KKD-TMS-ORD,KKD-TMS-ORD-T12,UP,Kozhikode,13:20,Mon-Sun
KKD-TMS-ORD,KKD-TMS-ORD-T12,UP,Kunnamangalam,13:26,Mon-Sun
KKD-TMS-ORD,KKD-TMS-ORD-T12,UP,Koduvally,13:32,Mon-Sun
KKD-TMS-ORD,KKD-TMS-ORD-T12,UP,Thamarassery,13:38,Mon-Sun
KKD-TMS-ORD,KKD-TMS-ORD-T13,UP,Kozhikode,14:00,Mon-Sun
KKD-TMS-ORD,KKD-TMS-ORD-T13,UP,Kunnamangalam,14:06,Mon-Sun
KKD-TMS-ORD,KKD-TMS-ORD-T13,UP,Koduvally,14:12,Mon-Sun
KKD-TMS-ORD,KKD-TMS-ORD-T13,UP,Thamarassery,14:18,Mon-Sun
KKD-TMS-ORD,KKD-TMS-ORD-T14,UP,Kozhikode,14:40,Mon-Sun
KKD-TMS-ORD,KKD-TMS-ORD-T14,UP,Kunnamangalam,14:46,Mon-Sun
KKD-TMS-ORD,KKD-TMS-ORD-T14,UP,Koduvally,14:52,Mon-Sun
KKD-TMS-ORD,KKD-TMS-ORD-T14,UP,Thamarassery,14:58,Mon-Sun
KKD-TMS-ORD,KKD-TMS-ORD-T15,UP,Kozhikode,15:20,Mon-Sun
KKD-TMS-ORD,KKD-TMS-ORD-T15,UP,Kunnamangalam,15:26,Mon-Sun
KKD-TMS-ORD,KKD-TMS-ORD-T15,UP,Koduvally,15:32,Mon-Sun
KKD-TMS-ORD,KKD-TMS-ORD-T15,UP,Thamarassery,15:38,Mon-Sun
KKD-TMS-ORD,KKD-TMS-ORD-T16,UP,Kozhikode,16:00,Mon-Sun
KKD-TMS-ORD,KKD-TMS-ORD-T16,UP,Kunnamangalam,16:06,Mon-Sun
KKD-TMS-ORD,KKD-TMS-ORD-T16,UP,Koduvally,16:12,Mon-Sun
KKD-TMS-ORD,KKD-TMS-ORD-T16,UP,Thamarassery,16:18,Mon-Sun
KKD-TMS-ORD,KKD-TMS-ORD-T17,UP,Kozhikode,16:40,Mon-Sun
KKD-TMS-ORD,KKD-TMS-ORD-T17,UP,Kunnamangalam,16:46,Mon-Sun
KKD-TMS-ORD,KKD-TMS-ORD-T17,UP,Koduvally,16:52,Mon-Sun
KKD-TMS-ORD,KKD-TMS-ORD-T17,UP,Thamarassery,16:58,Mon-Sun
KKD-TMS-ORD,KKD-TMS-ORD-T18,UP,Kozhikode,17:20,Mon-Sun
KKD-TMS-ORD,KKD-TMS-ORD-T18,UP,Kunnamangalam,17:26,Mon-Sun
KKD-TMS-ORD,KKD-TMS-ORD-T18,UP,Koduvally,17:32,Mon-Sun
KKD-TMS-ORD,KKD-TMS-ORD-T18,UP,Thamarassery,17:38,Mon-Sun
KKD-TMS-ORD,KKD-TMS-ORD-T19,UP,Kozhikode,18:00,Mon-Sun
KKD-TMS-ORD,KKD-TMS-ORD-T19,UP,Kunnamangalam,18:06,Mon-Sun
KKD-TMS-ORD,KKD-TMS-ORD-T19,UP,Koduvally,18:12,Mon-Sun
KKD-TMS-ORD,KKD-TMS-ORD-T19,UP,Thamarassery,18:18,Mon-Sun
KKD-TMS-ORD,KKD-TMS-ORD-T20,UP,Kozhikode,18:40,Mon-Sun
KKD-TMS-ORD,KKD-TMS-ORD-T20,UP,Kunnamangalam,18:46,Mon-Sun
KKD-TMS-ORD,KKD-TMS-ORD-T20,UP,Koduvally,18:52,Mon-Sun
KKD-TMS-ORD,KKD-TMS-ORD-T20,UP,Thamarassery,18:58,Mon-Sun
KKD-TMS-ORD,KKD-TMS-ORD-T21,UP,Kozhikode,19:20,Mon-Sun
KKD-TMS-ORD,KKD-TMS-ORD-T21,UP,Kunnamangalam,19:26,Mon-Sun
KKD-TMS-ORD,KKD-TMS-ORD-T21,UP,Koduvally,19:32,Mon-Sun
KKD-TMS-ORD,KKD-TMS-ORD-T21,UP,Thamarassery,19:38,Mon-Sun
KKD-TMS-ORD,KKD-TMS-ORD-T22,UP,Kozhikode,20:00,Mon-Sun
KKD-TMS-ORD,KKD-TMS-ORD-T22,UP,Kunnamangalam,20:06,Mon-Sun
KKD-TMS-ORD,KKD-TMS-ORD-T22,UP,Koduvally,20:12,Mon-Sun
KKD-TMS-ORD,KKD-TMS-ORD-T22,UP,Thamarassery,20:18,Mon-Sun
KKD-TMS-ORD,KKD-TMS-ORD-T23,UP,Kozhikode,20:40,Mon-Sun
KKD-TMS-ORD,KKD-TMS-ORD-T23,UP,Kunnamangalam,20:46,Mon-Sun
KKD-TMS-ORD,KKD-TMS-ORD-T23,UP,Koduvally,20:52,Mon-Sun
KKD-TMS-ORD,KKD-TMS-ORD-T23,UP,Thamarassery,20:58,Mon-Sun
KKD-KNR-SF,KKD-KNR-SF-T01,UP,Kozhikode,06:00,Mon-Sun
KKD-KNR-SF,KKD-KNR-SF-T01,UP,Koyilandy,06:10,Mon-Sun
KKD-KNR-SF,KKD-KNR-SF-T01,UP,Vadakara,06:20,Mon-Sun
KKD-KNR-SF,KKD-KNR-SF-T01,UP,Thalassery,06:30,Mon-Sun
KKD-KNR-SF,KKD-KNR-SF-T01,UP,Kannur,06:40,Mon-Sun
KKD-KNR-SF,KKD-KNR-SF-T02,UP,Kozhikode,06:30,Mon-Sun
KKD-KNR-SF,KKD-KNR-SF-T02,UP,Koyilandy,06:40,Mon-Sun
KKD-KNR-SF,KKD-KNR-SF-T02,UP,Vadakara,06:50,Mon-Sun
KKD-KNR-SF,KKD-KNR-SF-T02,UP,Thalassery,07:00,Mon-Sun
KKD-KNR-SF,KKD-KNR-SF-T02,UP,Kannur,07:10,Mon-Sun
KKD-KNR-SF,KKD-KNR-SF-T03,UP,Kozhikode,07:00,Mon-Sun
KKD-KNR-SF,KKD-KNR-SF-T03,UP,Koyilandy,07:10,Mon-Sun
KKD-KNR-SF,KKD-KNR-SF-T03,UP,Vadakara,07:20,Mon-Sun
KKD-KNR-SF,KKD-KNR-SF-T03,UP,Thalassery,07:30,Mon-Sun
KKD-KNR-SF,KKD-KNR-SF-T03,UP,Kannur,07:40,Mon-Sun
KKD-KNR-SF,KKD-KNR-SF-T04,UP,Kozhikode,07:30,Mon-Sun
KKD-KNR-SF,KKD-KNR-SF-T04,UP,Koyilandy,07:40,Mon-Sun
KKD-KNR-SF,KKD-KNR-SF-T04,UP,Vadakara,07:50,Mon-Sun
KKD-KNR-SF,KKD-KNR-SF-T04,UP,Thalassery,08:00,Mon-Sun
KKD-KNR-SF,KKD-KNR-SF-T04,UP,Kannur,08:10,Mon-Sun
KKD-KNR-SF,KKD-KNR-SF-T05,UP,Kozhikode,08:00,Mon-Sun
KKD-KNR-SF,KKD-KNR-SF-T05,UP,Koyilandy,08:10,Mon-Sun
KKD-KNR-SF,KKD-KNR-SF-T05,UP,Vadakara,08:20,Mon-Sun
KKD-KNR-SF,KKD-KNR-SF-T05,UP,Thalassery,08:30,Mon-Sun
KKD-KNR-SF,KKD-KNR-SF-T05,UP,Kannur,08:40,Mon-Sun
KKD-KNR-SF,KKD-KNR-SF-T06,UP,Kozhikode,08:30,Mon-Sun
KKD-KNR-SF,KKD-KNR-SF-T06,UP,Koyilandy,08:40,Mon-Sun
KKD-KNR-SF,KKD-KNR-SF-T06,UP,Vadakara,08:50,Mon-Sun
KKD-KNR-SF,KKD-KNR-SF-T06,UP,Thalassery,09:00,Mon-Sun
KKD-KNR-SF,KKD-KNR-SF-T06,UP,Kannur,09:10,Mon-Sun
KKD-KNR-SF,KKD-KNR-SF-T07,UP,Kozhikode,09:00,Mon-Sun
KKD-KNR-SF,KKD-KNR-SF-T07,UP,Koyilandy,09:10,Mon-Sun
KKD-KNR-SF,KKD-KNR-SF-T07,UP,Vadakara,09:20,Mon-Sun
KKD-KNR-SF,KKD-KNR-SF-T07,UP,Thalassery,09:30,Mon-Sun
KKD-KNR-SF,KKD-KNR-SF-T07,UP,Kannur,09:40,Mon-Sun
KKD-KNR-SF,KKD-KNR-SF-T08,UP,Kozhikode,09:30,Mon-Sun
KKD-KNR-SF,KKD-KNR-SF-T08,UP,Koyilandy,09:40,Mon-Sun
KKD-KNR-SF,KKD-KNR-SF-T08,UP,Vadakara,09:50,Mon-Sun
KKD-KNR-SF,KKD-KNR-SF-T08,UP,Thalassery,10:00,Mon-Sun
KKD-KNR-SF,KKD-KNR-SF-T08,UP,Kannur,10:10,Mon-Sun
KKD-KNR-SF,KKD-KNR-SF-T09,UP,Kozhikode,10:00,Mon-Sun
KKD-KNR-SF,KKD-KNR-SF-T09,UP,Koyilandy,10:10,Mon-Sun
KKD-KNR-SF,KKD-KNR-SF-T09,UP,Vadakara,10:20,Mon-Sun
KKD-KNR-SF,KKD-KNR-SF-T09,UP,Thalassery,10:30,Mon-Sun
KKD-KNR-SF,KKD-KNR-SF-T09,UP,Kannur,10:40,Mon-Sun
KKD-KNR-SF,KKD-KNR-SF-T10,UP,Kozhikode,10:30,Mon-Sun
KKD-KNR-SF,KKD-KNR-SF-T10,UP,Koyilandy,10:40,Mon-Sun
KKD-KNR-SF,KKD-KNR-SF-T10,UP,Vadakara,10:50,Mon-Sun
KKD-KNR-SF,KKD-KNR-SF-T10,UP,Thalassery,11:00,Mon-Sun
KKD-KNR-SF,KKD-KNR-SF-T10,UP,Kannur,11:10,Mon-Sun
KKD-KNR-SF,KKD-KNR-SF-T11,UP,Kozhikode,11:00,Mon-Sun
KKD-KNR-SF,KKD-KNR-SF-T11,UP,Koyilandy,11:10,Mon-Sun
KKD-KNR-SF,KKD-KNR-SF-T11,UP,Vadakara,11:20,Mon-Sun
KKD-KNR-SF,KKD-KNR-SF-T11,UP,Thalassery,11:30,Mon-Sun
KKD-KNR-SF,KKD-KNR-SF-T11,UP,Kannur,11:40,Mon-Sun
KKD-KNR-SF,KKD-KNR-SF-T12,UP,Kozhikode,11:30,Mon-Sun
KKD-KNR-SF,KKD-KNR-SF-T12,UP,Koyilandy,11:40,Mon-Sun
KKD-KNR-SF,KKD-KNR-SF-T12,UP,Vadakara,11:50,Mon-Sun
KKD-KNR-SF,KKD-KNR-SF-T12,UP,Thalassery,12:00,Mon-Sun
KKD-KNR-SF,KKD-KNR-SF-T12,UP,Kannur,12:10,Mon-Sun
KKD-KNR-SF,KKD-KNR-SF-T13,UP,Kozhikode,12:00,Mon-Sun
KKD-KNR-SF,KKD-KNR-SF-T13,UP,Koyilandy,12:10,Mon-Sun
KKD-KNR-SF,KKD-KNR-SF-T13,UP,Vadakara,12:20,Mon-Sun
KKD-KNR-SF,KKD-KNR-SF-T13,UP,Thalassery,12:30,Mon-Sun
KKD-KNR-SF,KKD-KNR-SF-T13,UP,Kannur,12:40,Mon-Sun
KKD-KNR-SF,KKD-KNR-SF-T14,UP,Kozhikode,12:30,Mon-Sun
KKD-KNR-SF,KKD-KNR-SF-T14,UP,Koyilandy,12:40,Mon-Sun
KKD-KNR-SF,KKD-KNR-SF-T14,UP,Vadakara,12:50,Mon-Sun
KKD-KNR-SF,KKD-KNR-SF-T14,UP,Thalassery,13:00,Mon-Sun
KKD-KNR-SF,KKD-KNR-SF-T14,UP,Kannur,13:10,Mon-Sun
KKD-KNR-SF,KKD-KNR-SF-T15,UP,Kozhikode,13:00,Mon-Sun
KKD-KNR-SF,KKD-KNR-SF-T15,UP,Koyilandy,13:10,Mon-Sun
KKD-KNR-SF,KKD-KNR-SF-T15,UP,Vadakara,13:20,Mon-Sun
KKD-KNR-SF,KKD-KNR-SF-T15,UP,Thalassery,13:30,Mon-Sun
KKD-KNR-SF,KKD-KNR-SF-T15,UP,Kannur,13:40,Mon-Sun
KKD-KNR-SF,KKD-KNR-SF-T16,UP,Kozhikode,13:30,Mon-Sun
KKD-KNR-SF,KKD-KNR-SF-T16,UP,Koyilandy,13:40,Mon-Sun
KKD-KNR-SF,KKD-KNR-SF-T16,UP,Vadakara,13:50,Mon-Sun
KKD-KNR-SF,KKD-KNR-SF-T16,UP,Thalassery,14:00,Mon-Sun
KKD-KNR-SF,KKD-KNR-SF-T16,UP,Kannur,14:10,Mon-Sun
KKD-KNR-SF,KKD-KNR-SF-T17,UP,Kozhikode,14:00,Mon-Sun
KKD-KNR-SF,KKD-KNR-SF-T17,UP,Koyilandy,14:10,Mon-Sun
KKD-KNR-SF,KKD-KNR-SF-T17,UP,Vadakara,14:20,Mon-Sun
KKD-KNR-SF,KKD-KNR-SF-T17,UP,Thalassery,14:30,Mon-Sun
KKD-KNR-SF,KKD-KNR-SF-T17,UP,Kannur,14:40,Mon-Sun
KKD-KNR-SF,KKD-KNR-SF-T18,UP,Kozhikode,14:30,Mon-Sun
KKD-KNR-SF,KKD-KNR-SF-T18,UP,Koyilandy,14:40,Mon-Sun
KKD-KNR-SF,KKD-KNR-SF-T18,UP,Vadakara,14:50,Mon-Sun
KKD-KNR-SF,KKD-KNR-SF-T18,UP,Thalassery,15:00,Mon-Sun
KKD-KNR-SF,KKD-KNR-SF-T18,UP,Kannur,15:10,Mon-Sun
KKD-KNR-SF,KKD-KNR-SF-T19,UP,Kozhikode,15:00,Mon-Sun
KKD-KNR-SF,KKD-KNR-SF-T19,UP,Koyilandy,15:10,Mon-Sun
KKD-KNR-SF,KKD-KNR-SF-T19,UP,Vadakara,15:20,Mon-Sun
KKD-KNR-SF,KKD-KNR-SF-T19,UP,Thalassery,15:30,Mon-Sun
KKD-KNR-SF,KKD-KNR-SF-T19,UP,Kannur,15:40,Mon-Sun
KKD-KNR-SF,KKD-KNR-SF-T20,UP,Kozhikode,15:30,Mon-Sun
KKD-KNR-SF,KKD-KNR-SF-T20,UP,Koyilandy,15:40,Mon-Sun
KKD-KNR-SF,KKD-KNR-SF-T20,UP,Vadakara,15:50,Mon-Sun
KKD-KNR-SF,KKD-KNR-SF-T20,UP,Thalassery,16:00,Mon-Sun
KKD-KNR-SF,KKD-KNR-SF-T20,UP,Kannur,16:10,Mon-Sun
KKD-KNR-SF,KKD-KNR-SF-T21,UP,Kozhikode,16:00,Mon-Sun
KKD-KNR-SF,KKD-KNR-SF-T21,UP,Koyilandy,16:10,Mon-Sun
KKD-KNR-SF,KKD-KNR-SF-T21,UP,Vadakara,16:20,Mon-Sun
KKD-KNR-SF,KKD-KNR-SF-T21,UP,Thalassery,16:30,Mon-Sun
KKD-KNR-SF,KKD-KNR-SF-T21,UP,Kannur,16:40,Mon-Sun
KKD-KNR-SF,KKD-KNR-SF-T22,UP,Kozhikode,16:30,Mon-Sun
KKD-KNR-SF,KKD-KNR-SF-T22,UP,Koyilandy,16:40,Mon-Sun
KKD-KNR-SF,KKD-KNR-SF-T22,UP,Vadakara,16:50,Mon-Sun
KKD-KNR-SF,KKD-KNR-SF-T22,UP,Thalassery,17:00,Mon-Sun
KKD-KNR-SF,KKD-KNR-SF-T22,UP,Kannur,17:10,Mon-Sun
KKD-KNR-SF,KKD-KNR-SF-T23,UP,Kozhikode,17:00,Mon-Sun
KKD-KNR-SF,KKD-KNR-SF-T23,UP,Koyilandy,17:10,Mon-Sun
KKD-KNR-SF,KKD-KNR-SF-T23,UP,Vadakara,17:20,Mon-Sun
KKD-KNR-SF,KKD-KNR-SF-T23,UP,Thalassery,17:30,Mon-Sun
KKD-KNR-SF,KKD-KNR-SF-T23,UP,Kannur,17:40,Mon-Sun
KKD-KNR-SF,KKD-KNR-SF-T24,UP,Kozhikode,17:30,Mon-Sun
KKD-KNR-SF,KKD-KNR-SF-T24,UP,Koyilandy,17:40,Mon-Sun
KKD-KNR-SF,KKD-KNR-SF-T24,UP,Vadakara,17:50,Mon-Sun
KKD-KNR-SF,KKD-KNR-SF-T24,UP,Thalassery,18:00,Mon-Sun
KKD-KNR-SF,KKD-KNR-SF-T24,UP,Kannur,18:10,Mon-Sun
KKD-KNR-SF,KKD-KNR-SF-T25,UP,Kozhikode,18:00,Mon-Sun
KKD-KNR-SF,KKD-KNR-SF-T25,UP,Koyilandy,18:10,Mon-Sun
KKD-KNR-SF,KKD-KNR-SF-T25,UP,Vadakara,18:20,Mon-Sun
KKD-KNR-SF,KKD-KNR-SF-T25,UP,Thalassery,18:30,Mon-Sun
KKD-KNR-SF,KKD-KNR-SF-T25,UP,Kannur,18:40,Mon-Sun
KKD-KNR-SF,KKD-KNR-SF-T26,UP,Kozhikode,18:30,Mon-Sun
KKD-KNR-SF,KKD-KNR-SF-T26,UP,Koyilandy,18:40,Mon-Sun
KKD-KNR-SF,KKD-KNR-SF-T26,UP,Vadakara,18:50,Mon-Sun
KKD-KNR-SF,KKD-KNR-SF-T26,UP,Thalassery,19:00,Mon-Sun
KKD-KNR-SF,KKD-KNR-SF-T26,UP,Kannur,19:10,Mon-Sun
KKD-KNR-SF,KKD-KNR-SF-T27,UP,Kozhikode,19:00,Mon-Sun
KKD-KNR-SF,KKD-KNR-SF-T27,UP,Koyilandy,19:10,Mon-Sun
KKD-KNR-SF,KKD-KNR-SF-T27,UP,Vadakara,19:20,Mon-Sun
KKD-KNR-SF,KKD-KNR-SF-T27,UP,Thalassery,19:30,Mon-Sun
KKD-KNR-SF,KKD-KNR-SF-T27,UP,Kannur,19:40,Mon-Sun
KKD-KNR-SF,KKD-KNR-SF-T28,UP,Kozhikode,19:30,Mon-Sun
KKD-KNR-SF,KKD-KNR-SF-T28,UP,Koyilandy,19:40,Mon-Sun
KKD-KNR-SF,KKD-KNR-SF-T28,UP,Vadakara,19:50,Mon-Sun
KKD-KNR-SF,KKD-KNR-SF-T28,UP,Thalassery,20:00,Mon-Sun
KKD-KNR-SF,KKD-KNR-SF-T28,UP,Kannur,20:10,Mon-Sun
KKD-KNR-SF,KKD-KNR-SF-T29,UP,Kozhikode,20:00,Mon-Sun
KKD-KNR-SF,KKD-KNR-SF-T29,UP,Koyilandy,20:10,Mon-Sun
KKD-KNR-SF,KKD-KNR-SF-T29,UP,Vadakara,20:20,Mon-Sun
KKD-KNR-SF,KKD-KNR-SF-T29,UP,Thalassery,20:30,Mon-Sun
KKD-KNR-SF,KKD-KNR-SF-T29,UP,Kannur,20:40,Mon-Sun
KKD-KNR-SF,KKD-KNR-SF-T30,UP,Kozhikode,20:30,Mon-Sun
KKD-KNR-SF,KKD-KNR-SF-T30,UP,Koyilandy,20:40,Mon-Sun
KKD-KNR-SF,KKD-KNR-SF-T30,UP,Vadakara,20:50,Mon-Sun
KKD-KNR-SF,KKD-KNR-SF-T30,UP,Thalassery,21:00,Mon-Sun
KKD-KNR-SF,KKD-KNR-SF-T30,UP,Kannur,21:10,Mon-Sun
KKD-KNR-SF,KKD-KNR-SF-T31,UP,Kozhikode,21:00,Mon-Sun
KKD-KNR-SF,KKD-KNR-SF-T31,UP,Koyilandy,21:10,Mon-Sun
KKD-KNR-SF,KKD-KNR-SF-T31,UP,Vadakara,21:20,Mon-Sun
KKD-KNR-SF,KKD-KNR-SF-T31,UP,Thalassery,21:30,Mon-Sun
KKD-KNR-SF,KKD-KNR-SF-T31,UP,Kannur,21:40,Mon-Sun
